timestamp,device_id,port_class,pressure,temperature,vibration,cycle_count,sensor_health,cable_loss_flag,tamper,fault
2025-09-11 04:44:00,SEN-002,A,101.371,56.032,0.92,1,ok,0,0,0
2025-09-11 04:45:00,UNKNOWN-601,A,95.322,58.541,1.176,7,ok,0,0,0
2025-09-11 04:46:00,SEN-003,A,103.38,61.261,1.051,12,ok,0,0,0
2025-09-11 04:47:00,SEN-003,A,104.237,59.693,0.874,3,ok,0,0,0
2025-09-11 04:48:00,SEN-003,A,91.227,58.048,0.844,16,ok,0,0,0
2025-09-11 04:49:00,SEN-003,A,94.148,57.977,0.703,7,ok,0,0,0
2025-09-11 04:50:00,SEN-002,A,100.585,57.863,1.052,6,ok,0,0,0
2025-09-11 04:51:00,SEN-002,A,98.588,57.361,0.936,12,ok,0,0,1
2025-09-11 04:52:00,SEN-001,A,99.937,66.845,0.573,15,degraded,1,0,0
2025-09-11 04:53:00,SEN-003,A,96.176,60.893,0.904,13,ok,0,0,0
2025-09-11 04:54:00,SEN-003,A,103.973,62.66,0.838,18,ok,0,0,0
2025-09-11 04:55:00,SEN-003,A,103.518,58.533,1.284,20,ok,0,0,0
2025-09-11 04:56:00,SEN-001,A,100.317,59.442,0.693,20,ok,0,0,0
2025-09-11 04:57:00,SEN-002,A,105.094,57.859,0.741,6,ok,0,0,0
2025-09-11 04:58:00,SEN-003,A,102.126,52.045,1.2,23,ok,0,0,0
2025-09-11 04:59:00,SEN-001,A,96.157,55.866,1.244,26,ok,0,0,0
2025-09-11 05:00:00,SEN-002,A,101.685,54.568,0.866,8,ok,0,0,0
2025-09-11 05:01:00,SEN-004,A,95.712,53.251,1.526,11,ok,0,0,0
2025-09-11 05:02:00,SEN-003,A,103.982,56.414,1.111,33,ok,0,0,0
2025-09-11 05:03:00,SEN-003,A,99.806,63.975,0.581,17,ok,0,0,0
2025-09-11 05:04:00,SEN-001,A,99.2,59.867,0.665,28,ok,0,0,0
2025-09-11 05:05:00,SEN-002,A,96.97,63.872,0.949,41,ok,0,0,0
2025-09-11 05:06:00,SEN-003,A,105.537,61.233,1.279,23,ok,0,0,0
2025-09-11 05:07:00,SEN-001,A,99.342,62.348,0.922,46,ok,0,0,0
2025-09-11 05:08:00,SEN-004,A,98.111,57.297,1.018,51,ok,0,0,0
2025-09-11 05:09:00,SEN-004,A,98.456,61.572,1.204,52,ok,0,0,0
2025-09-11 05:10:00,SEN-002,A,102.437,62.186,1.379,32,ok,0,0,0
2025-09-11 05:11:00,SEN-003,A,101.688,58.27,0.896,21,ok,0,0,0
2025-09-11 05:12:00,SEN-003,A,101.903,61.679,0.997,24,ok,0,0,0
2025-09-11 05:13:00,SEN-001,A,101.986,61.699,1.328,29,ok,0,0,0
2025-09-11 05:14:00,SEN-003,A,109.686,58.351,0.726,33,ok,0,0,0
2025-09-11 05:15:00,SEN-003,A,98.221,56.632,1.185,6,ok,0,0,0
2025-09-11 05:16:00,SEN-001,A,97.747,56.448,1.257,25,ok,0,0,0
2025-09-11 05:17:00,SEN-002,A,96.391,60.26,1.018,39,ok,0,0,0
2025-09-11 05:18:00,SEN-004,A,102.827,60.981,0.956,10,ok,0,0,0
2025-09-11 05:19:00,SEN-001,A,105.137,57.622,0.828,37,ok,0,0,0
2025-09-11 05:20:00,SEN-004,A,99.545,60.08,0.823,14,ok,0,0,0
2025-09-11 05:21:00,SEN-001,A,96.279,61.712,1.05,53,ok,0,0,0
2025-09-11 05:22:00,SEN-002,A,96.351,61.855,1.179,19,ok,0,0,0
2025-09-11 05:23:00,SEN-002,A,102.991,64.656,0.977,41,ok,0,0,0
2025-09-11 05:24:00,SEN-003,A,103.409,63.831,1.013,26,ok,0,0,0
2025-09-11 05:25:00,SEN-004,A,102.51,56.996,1.103,55,ok,0,0,0
2025-09-11 05:26:00,SEN-004,A,97.073,65.051,0.825,45,ok,0,1,0
2025-09-11 05:27:00,SEN-003,A,101.114,58.407,1.133,42,ok,0,0,0
2025-09-11 05:28:00,SEN-002,A,100.596,63.135,1.147,30,ok,0,0,0
2025-09-11 05:29:00,SEN-002,A,101.057,60.204,1.469,38,ok,0,0,0
2025-09-11 05:30:00,SEN-001,A,103.996,65.469,0.932,24,ok,0,0,0
2025-09-11 05:31:00,SEN-001,A,101.082,54.577,0.918,48,ok,0,0,0
2025-09-11 05:32:00,SEN-003,A,103.133,59.485,1.138,59,ok,0,0,0
2025-09-11 05:33:00,SEN-001,A,100.383,55.322,1.147,39,ok,0,0,0
2025-09-11 05:34:00,SEN-002,A,101.382,62.902,0.904,64,ok,0,0,0
2025-09-11 05:35:00,SEN-002,A,102.923,64.55,0.927,47,ok,0,0,0
2025-09-11 05:36:00,SEN-004,A,93.527,57.609,1.097,26,ok,0,0,0
2025-09-11 05:37:00,SEN-002,A,98.647,60.906,0.851,31,ok,0,0,0
2025-09-11 05:38:00,SEN-002,A,97.971,57.824,0.926,49,ok,0,0,0
2025-09-11 05:39:00,SEN-003,A,97.214,58.115,1.016,53,ok,0,0,0
2025-09-11 05:40:00,SEN-003,A,98.852,70.196,1.179,51,ok,0,0,0
2025-09-11 05:41:00,SEN-002,A,106.819,59.884,0.891,57,ok,0,0,0
2025-09-11 05:42:00,SEN-003,A,96.197,65.219,0.668,67,ok,0,0,0
2025-09-11 05:43:00,SEN-003,A,104.453,58.553,0.655,55,ok,0,0,0
2025-09-11 05:44:00,SEN-004,A,92.524,62.998,0.773,62,ok,0,0,0
2025-09-11 05:45:00,SEN-004,A,98.592,60.292,0.764,73,ok,0,0,0
2025-09-11 05:46:00,SEN-001,A,100.833,62.387,0.972,66,ok,0,0,0
2025-09-11 05:47:00,SEN-002,A,102.74,58.659,0.786,64,ok,0,0,0
2025-09-11 05:48:00,SEN-001,A,103.304,59.851,0.874,44,ok,0,0,0
2025-09-11 05:49:00,SEN-004,A,103.675,59.654,0.861,73,ok,0,0,0
2025-09-11 05:50:00,SEN-003,A,98.537,57.492,0.921,46,ok,0,0,0
2025-09-11 05:51:00,SEN-002,A,98.028,61.986,1.238,48,ok,0,0,0
2025-09-11 05:52:00,SEN-003,A,103.971,61.951,1.119,78,ok,0,0,0
2025-09-11 05:53:00,SEN-004,A,99.251,61.781,1.003,52,ok,0,0,0
2025-09-11 05:54:00,SEN-003,A,94.372,64.611,0.917,35,ok,0,0,0
2025-09-11 05:55:00,SEN-001,A,95.015,64.348,0.922,41,ok,0,0,0
2025-09-11 05:56:00,SEN-002,A,95.979,58.875,1.059,69,ok,0,0,0
2025-09-11 05:57:00,SEN-003,A,102.355,61.119,1.105,75,ok,0,0,0
2025-09-11 05:58:00,SEN-001,A,100.76,58.129,0.837,81,ok,0,0,0
2025-09-11 05:59:00,SEN-004,A,103.228,60.07,1.007,76,ok,0,0,0
2025-09-11 06:00:00,SEN-004,A,98.2,58.201,0.634,77,ok,0,0,0
2025-09-11 06:01:00,SEN-002,A,100.838,64.86,1.038,83,ok,0,0,0
2025-09-11 06:02:00,SEN-003,A,102.941,61.091,1.137,85,ok,0,0,0
2025-09-11 06:03:00,SEN-003,A,98.736,59.346,0.95,82,ok,0,0,0
2025-09-11 06:04:00,SEN-004,A,102.185,63.581,1.327,87,ok,0,0,0
2025-09-11 06:05:00,SEN-004,A,97.152,53.488,0.841,91,ok,0,0,0
2025-09-11 06:06:00,SEN-004,A,98.499,53.958,1.039,57,ok,0,0,0
2025-09-11 06:07:00,SEN-003,A,98.416,62.388,0.994,66,ok,0,0,0
2025-09-11 06:08:00,SEN-003,A,94.754,60.181,0.982,82,ok,0,0,0
2025-09-11 06:09:00,SEN-004,A,102.329,60.751,0.979,96,ok,0,0,0
2025-09-11 06:10:00,SEN-002,A,98.027,56.021,1.019,89,ok,0,0,0
2025-09-11 06:11:00,SEN-003,A,100.197,59.93,1.153,92,ok,0,0,0
2025-09-11 06:12:00,SEN-004,A,102.305,66.011,1.248,47,ok,0,0,0
2025-09-11 06:13:00,SEN-003,A,102.153,62.473,1.0,86,ok,0,0,0
2025-09-11 06:14:00,SEN-002,A,103.14,60.509,1.147,95,degraded,1,0,0
2025-09-11 06:15:00,SEN-002,A,99.704,58.683,0.874,98,ok,0,0,0
2025-09-11 06:16:00,SEN-002,A,98.244,58.816,1.138,102,ok,0,0,0
2025-09-11 06:17:00,SEN-002,A,99.791,53.612,0.863,72,ok,0,0,0
2025-09-11 06:18:00,SEN-001,A,92.559,60.773,1.196,75,ok,0,0,0
2025-09-11 06:19:00,SEN-003,A,93.641,62.536,1.398,103,ok,0,0,0
2025-09-11 06:20:00,SEN-004,A,94.203,55.273,0.978,51,ok,0,0,0
2025-09-11 06:21:00,SEN-003,A,95.669,58.016,0.605,108,ok,0,0,0
2025-09-11 06:22:00,SEN-003,A,101.957,56.528,0.901,105,ok,0,0,0
2025-09-11 06:23:00,SEN-001,A,96.085,57.104,1.222,110,ok,0,0,0
2025-09-11 06:24:00,SEN-004,A,98.46,60.16,1.1,90,ok,0,0,0
2025-09-11 06:25:00,SEN-001,A,106.01,53.747,1.045,113,ok,0,0,0
2025-09-11 06:26:00,SEN-004,A,98.562,61.843,1.182,93,ok,0,0,0
2025-09-11 06:27:00,SEN-004,A,103.485,62.262,1.087,53,ok,0,0,0
2025-09-11 06:28:00,SEN-001,A,95.967,59.247,1.219,54,ok,0,0,0
2025-09-11 06:29:00,SEN-004,A,99.245,52.558,1.165,108,ok,0,0,0
2025-09-11 06:30:00,SEN-004,A,95.896,57.011,1.274,82,ok,0,0,0
2025-09-11 06:31:00,SEN-002,A,98.647,63.699,1.57,119,ok,0,0,0
2025-09-11 06:32:00,SEN-004,A,103.956,51.666,1.163,127,ok,0,0,0
2025-09-11 06:33:00,UNKNOWN-149,A,92.403,66.43,0.945,129,ok,0,0,0
2025-09-11 06:34:00,SEN-004,A,102.133,56.46,0.892,114,ok,0,0,0
2025-09-11 06:35:00,SEN-001,A,101.249,62.414,1.307,86,ok,0,0,0
2025-09-11 06:36:00,SEN-002,A,97.507,57.975,1.039,96,ok,0,0,0
2025-09-11 06:37:00,SEN-003,A,93.675,61.212,1.145,92,ok,0,0,0
2025-09-11 06:38:00,SEN-004,A,100.509,61.696,1.022,118,ok,0,0,0
2025-09-11 06:39:00,SEN-003,A,97.803,65.509,0.894,119,ok,0,0,0
2025-09-11 06:40:00,SEN-003,A,101.234,59.391,1.002,125,degraded,1,0,0
2025-09-11 06:41:00,SEN-003,A,100.287,61.128,1.258,97,ok,0,0,0
2025-09-11 06:42:00,SEN-003,A,107.399,55.545,1.1,59,ok,0,0,0
2025-09-11 06:43:00,SEN-003,A,99.115,63.571,0.692,99,ok,0,0,0
2025-09-11 06:44:00,SEN-003,A,95.588,57.718,0.961,64,ok,0,0,0
2025-09-11 06:45:00,SEN-002,A,101.002,58.318,1.321,106,ok,0,0,0
2025-09-11 06:46:00,SEN-002,A,101.187,59.933,0.962,130,ok,0,0,0
2025-09-11 06:47:00,SEN-001,A,106.315,55.311,0.676,131,ok,0,0,0
2025-09-11 06:48:00,SEN-004,A,103.958,60.686,1.341,5,ok,0,0,0
2025-09-11 06:49:00,UNKNOWN-977,A,101.808,62.902,1.123,10,ok,0,0,0
2025-09-11 06:50:00,SEN-003,A,106.788,60.879,0.987,16,ok,0,1,1
2025-09-11 06:51:00,SEN-001,A,94.856,55.233,0.933,69,ok,0,0,0
2025-09-11 06:52:00,SEN-003,A,97.328,59.629,1.195,99,ok,0,0,0
2025-09-11 06:53:00,SEN-001,A,96.039,62.226,0.902,135,ok,0,0,0
2025-09-11 06:54:00,SEN-003,A,98.456,54.366,1.207,135,ok,0,0,0
2025-09-11 06:55:00,SEN-004,A,94.016,56.776,1.098,140,ok,0,0,0
2025-09-11 06:56:00,SEN-004,A,103.071,62.63,1.044,141,ok,0,0,0
2025-09-11 06:57:00,SEN-002,A,99.215,60.81,1.515,102,ok,0,0,0
2025-09-11 06:58:00,SEN-002,A,93.598,61.236,0.969,110,ok,0,0,0
2025-09-11 06:59:00,SEN-003,A,95.648,65.578,1.188,146,ok,0,0,0
2025-09-11 07:00:00,SEN-004,A,101.63,61.406,0.844,75,ok,0,0,0
2025-09-11 07:01:00,UNKNOWN-908,A,103.993,61.974,0.708,116,ok,0,0,0
2025-09-11 07:02:00,SEN-002,A,109.208,68.132,1.111,80,ok,0,0,0
2025-09-11 07:03:00,SEN-001,A,113.337,59.359,1.114,146,ok,0,0,0
2025-09-11 07:04:00,SEN-003,A,102.091,57.606,1.086,117,ok,0,0,0
2025-09-11 07:05:00,SEN-003,A,95.775,61.283,1.073,22,ok,0,0,0
2025-09-11 07:06:00,SEN-002,A,90.635,61.317,0.942,25,ok,0,0,0
2025-09-11 07:07:00,SEN-004,A,101.436,58.42,1.142,84,ok,0,0,0
2025-09-11 07:08:00,SEN-001,A,96.574,56.903,0.992,151,ok,0,0,0
2025-09-11 07:09:00,SEN-001,A,98.365,66.93,0.912,32,ok,0,0,0
2025-09-11 07:10:00,SEN-001,A,97.481,60.981,0.944,35,ok,0,0,0
2025-09-11 07:11:00,SEN-004,A,99.604,57.803,1.364,155,ok,0,0,0
2025-09-11 07:12:00,SEN-002,A,105.036,62.748,0.688,121,ok,0,0,0
2025-09-11 07:13:00,SEN-002,A,100.947,59.673,1.09,40,ok,0,0,0
2025-09-11 07:14:00,SEN-004,A,99.528,59.241,0.698,125,ok,0,0,0
2025-09-11 07:15:00,SEN-004,A,95.583,61.687,0.981,152,ok,0,0,0
2025-09-11 07:16:00,SEN-004,A,92.709,56.124,0.922,153,ok,0,0,0
2025-09-11 07:17:00,SEN-002,A,98.059,61.058,0.625,159,ok,0,0,0
2025-09-11 07:18:00,SEN-002,A,100.007,65.739,1.07,133,ok,0,0,0
2025-09-11 07:19:00,SEN-004,A,108.206,61.399,0.932,44,ok,0,0,0
2025-09-11 07:20:00,SEN-002,A,100.838,58.871,0.622,89,ok,0,0,0
2025-09-11 07:21:00,SEN-002,A,104.676,58.479,1.151,50,ok,0,0,0
2025-09-11 07:22:00,UNKNOWN-162,A,98.008,58.769,1.258,138,ok,0,0,0
2025-09-11 07:23:00,SEN-002,A,94.925,59.238,1.268,146,ok,0,0,0
2025-09-11 07:24:00,SEN-001,A,95.915,58.867,1.065,94,ok,0,0,0
2025-09-11 07:25:00,SEN-004,A,96.997,62.749,1.008,152,ok,0,0,0
2025-09-11 07:26:00,SEN-002,A,109.84,54.8,1.239,164,ok,0,0,0
2025-09-11 07:27:00,SEN-002,A,96.567,62.586,1.303,101,ok,0,0,0
2025-09-11 07:28:00,SEN-004,A,104.038,58.861,1.204,157,ok,0,0,0
2025-09-11 07:29:00,SEN-001,A,96.203,61.131,0.831,172,ok,0,0,0
2025-09-11 07:30:00,SEN-001,A,104.46,56.619,1.036,53,ok,0,0,0
2025-09-11 07:31:00,SEN-004,A,102.002,63.986,1.079,160,ok,0,0,1
2025-09-11 07:32:00,SEN-002,A,99.566,63.737,0.674,162,ok,0,0,0
2025-09-11 07:33:00,SEN-004,A,100.09,62.879,1.084,107,ok,0,0,0
2025-09-11 07:34:00,SEN-004,A,97.328,55.456,1.409,166,ok,0,0,0
2025-09-11 07:35:00,SEN-004,A,102.284,62.487,1.115,172,ok,0,0,0
2025-09-11 07:36:00,SEN-004,A,98.23,61.215,1.265,112,ok,0,0,0
2025-09-11 07:37:00,SEN-001,A,94.764,55.184,1.033,178,ok,0,0,0
2025-09-11 07:38:00,SEN-001,A,94.53,59.927,0.987,55,ok,0,0,0
2025-09-11 07:39:00,SEN-003,A,101.059,61.094,1.069,158,ok,0,0,0
2025-09-11 07:40:00,SEN-004,A,107.39,61.668,0.853,180,ok,0,0,0
2025-09-11 07:41:00,SEN-002,A,101.006,60.532,0.827,114,ok,0,0,0
2025-09-11 07:42:00,SEN-003,A,99.754,60.874,1.228,182,ok,0,0,0
2025-09-11 07:43:00,SEN-004,A,101.575,64.421,1.247,161,ok,0,0,0
2025-09-11 07:44:00,SEN-001,A,106.168,63.678,0.822,117,ok,0,0,0
2025-09-11 07:45:00,SEN-002,A,101.28,51.399,1.174,186,ok,0,0,0
2025-09-11 07:46:00,SEN-001,A,98.445,59.048,0.984,58,ok,0,0,0
2025-09-11 07:47:00,UNKNOWN-311,A,105.274,59.506,1.061,120,ok,0,0,0
2025-09-11 07:48:00,SEN-004,A,102.227,54.744,1.083,62,ok,0,0,0
2025-09-11 07:49:00,SEN-002,A,107.21,60.283,1.179,178,ok,0,0,0
2025-09-11 07:50:00,SEN-004,A,101.125,63.746,1.015,190,ok,0,0,0
2025-09-11 07:51:00,SEN-002,A,94.792,56.74,1.254,124,ok,0,0,0
2025-09-11 07:52:00,SEN-004,A,94.147,61.009,1.056,183,ok,0,0,0
2025-09-11 07:53:00,SEN-003,A,107.734,57.253,1.112,127,ok,0,0,0
2025-09-11 07:54:00,SEN-004,A,108.063,57.984,0.85,131,ok,0,0,0
2025-09-11 07:55:00,SEN-004,A,99.501,64.432,1.389,134,ok,0,0,0
2025-09-11 07:56:00,SEN-001,A,98.586,58.372,1.085,196,ok,0,0,0
2025-09-11 07:57:00,SEN-003,A,106.888,61.387,1.128,68,ok,0,0,0
2025-09-11 07:58:00,SEN-003,A,95.332,54.386,0.711,199,ok,0,0,0
2025-09-11 07:59:00,SEN-002,A,96.289,65.587,0.852,187,ok,0,0,0
2025-09-11 08:00:00,SEN-002,A,103.212,61.808,1.689,140,ok,0,0,0
2025-09-11 08:01:00,SEN-003,A,98.542,59.453,1.052,166,ok,0,0,0
2025-09-11 08:02:00,UNKNOWN-362,A,100.297,61.727,0.656,204,ok,0,0,0
2025-09-11 08:03:00,SEN-004,A,99.586,55.771,1.187,207,ok,0,0,0
2025-09-11 08:04:00,SEN-004,A,101.842,63.548,0.902,174,ok,0,0,0
2025-09-11 08:05:00,SEN-004,A,106.658,59.028,1.254,210,ok,0,0,0
2025-09-11 08:06:00,SEN-004,A,100.734,59.388,0.984,143,ok,0,0,0
2025-09-11 08:07:00,SEN-004,A,103.226,58.525,1.037,145,ok,0,0,0
2025-09-11 08:08:00,SEN-002,A,91.104,58.258,1.212,149,ok,0,0,0
2025-09-11 08:09:00,SEN-003,A,100.112,62.084,0.838,181,ok,0,0,0
2025-09-11 08:10:00,SEN-001,A,96.538,60.768,0.821,186,ok,0,0,0
2025-09-11 08:11:00,SEN-002,A,94.85,61.955,0.965,72,ok,0,0,0
2025-09-11 08:12:00,SEN-002,A,96.384,59.974,1.149,193,ok,0,0,0
2025-09-11 08:13:00,SEN-001,A,98.834,61.54,0.76,217,ok,0,0,0
2025-09-11 08:14:00,SEN-003,A,104.461,58.743,0.7,155,ok,0,0,0
2025-09-11 08:15:00,SEN-002,A,94.372,66.689,1.148,194,ok,0,0,0
2025-09-11 08:16:00,SEN-002,A,100.48,55.296,0.891,223,ok,0,0,0
2025-09-11 08:17:00,SEN-001,A,98.165,63.783,0.929,199,ok,0,0,0
2025-09-11 08:18:00,SEN-001,A,98.871,64.104,0.666,226,ok,0,0,0
2025-09-11 08:19:00,SEN-002,A,104.86,57.444,0.878,204,ok,0,0,0
2025-09-11 08:20:00,SEN-002,A,102.77,66.688,0.999,193,ok,0,0,0
2025-09-11 08:21:00,SEN-003,A,106.369,62.986,1.167,158,ok,0,0,0
2025-09-11 08:22:00,SEN-001,A,99.657,62.913,0.861,199,ok,0,0,0
2025-09-11 08:23:00,SEN-004,A,97.222,60.084,1.298,204,ok,0,0,0
2025-09-11 08:24:00,SEN-001,A,99.348,59.348,0.877,73,ok,0,0,0
2025-09-11 08:25:00,SEN-003,A,101.448,59.372,0.877,230,ok,0,0,0
2025-09-11 08:26:00,SEN-002,A,101.153,61.172,1.277,209,ok,0,0,0
2025-09-11 08:27:00,SEN-001,A,95.48,64.204,1.038,77,ok,0,0,1
2025-09-11 08:28:00,SEN-002,A,100.769,60.544,1.579,235,ok,0,0,0
2025-09-11 08:29:00,SEN-002,A,101.39,57.266,0.972,208,ok,0,0,0
2025-09-11 08:30:00,SEN-001,A,111.694,62.473,1.244,218,ok,0,1,0
2025-09-11 08:31:00,SEN-004,A,108.812,62.763,1.264,162,ok,0,0,0
2025-09-11 08:32:00,SEN-003,A,96.529,61.964,0.853,238,ok,0,0,0
2025-09-11 08:33:00,SEN-001,A,99.077,62.236,0.992,168,ok,0,0,0
2025-09-11 08:34:00,SEN-001,A,93.786,59.187,1.016,242,ok,0,0,0
2025-09-11 08:35:00,SEN-003,A,97.715,57.213,0.822,246,ok,0,0,0
2025-09-11 08:36:00,SEN-001,A,101.795,57.395,0.99,212,ok,0,0,0
2025-09-11 08:37:00,SEN-003,A,105.803,55.094,1.001,174,ok,0,0,0
2025-09-11 08:38:00,UNKNOWN-424,A,97.097,60.711,1.205,220,ok,0,0,0
2025-09-11 08:39:00,SEN-001,A,97.436,59.75,1.217,252,ok,0,0,0
2025-09-11 08:40:00,SEN-003,A,90.718,58.68,0.941,226,ok,0,0,0
2025-09-11 08:41:00,SEN-002,A,99.651,51.133,0.961,260,ok,0,0,0
2025-09-11 08:42:00,SEN-002,A,95.604,56.258,1.12,179,ok,0,0,0
2025-09-11 08:43:00,SEN-003,A,98.004,63.363,0.895,182,ok,0,0,0
2025-09-11 08:44:00,SEN-001,A,96.442,58.006,1.106,82,ok,0,0,1
2025-09-11 08:45:00,SEN-002,A,99.965,61.082,0.984,87,ok,0,0,0
2025-09-11 08:46:00,SEN-002,A,92.481,55.828,0.826,267,ok,0,0,0
2025-09-11 08:47:00,SEN-001,A,93.791,64.316,1.27,90,ok,0,0,0
2025-09-11 08:48:00,SEN-002,A,109.976,59.568,1.26,228,ok,0,0,0
2025-09-11 08:49:00,SEN-002,A,94.602,60.87,0.972,95,ok,0,0,0
2025-09-11 08:50:00,SEN-002,A,95.462,66.977,1.295,275,ok,0,0,0
2025-09-11 08:51:00,SEN-004,A,108.665,64.549,0.908,281,ok,0,0,0
2025-09-11 08:52:00,SEN-002,A,113.473,59.08,1.052,188,ok,0,0,0
2025-09-11 08:53:00,SEN-004,A,95.13,58.22,1.431,283,ok,0,0,0
2025-09-11 08:54:00,SEN-001,A,98.747,59.023,1.43,100,ok,0,0,0
2025-09-11 08:55:00,SEN-002,A,101.942,61.53,0.658,219,ok,0,0,0
2025-09-11 08:56:00,UNKNOWN-584,A,108.186,59.684,1.232,224,ok,0,0,0
2025-09-11 08:57:00,SEN-004,A,95.968,58.814,0.851,284,ok,0,0,0
2025-09-11 08:58:00,SEN-003,A,99.306,64.402,0.996,289,ok,0,0,0
2025-09-11 08:59:00,SEN-003,A,103.91,59.657,0.895,106,ok,0,0,0
2025-09-11 09:00:00,SEN-002,A,102.37,66.899,1.048,189,ok,0,0,0
2025-09-11 09:01:00,SEN-003,A,98.722,60.272,0.829,193,ok,0,0,0
2025-09-11 09:02:00,SEN-004,A,99.814,65.356,1.45,231,ok,0,0,0
2025-09-11 09:03:00,SEN-003,A,94.231,61.072,1.081,112,ok,0,0,0
2025-09-11 09:04:00,SEN-004,A,99.348,62.889,0.819,116,ok,0,0,1
2025-09-11 09:05:00,SEN-001,A,99.223,57.826,0.874,198,ok,0,0,0
2025-09-11 09:06:00,SEN-004,A,101.468,57.439,0.937,235,ok,0,0,0
2025-09-11 09:07:00,SEN-002,A,97.926,61.379,0.743,120,ok,0,0,0
2025-09-11 09:08:00,SEN-002,A,102.548,62.966,0.924,128,ok,0,0,0
2025-09-11 09:09:00,SEN-001,A,104.985,60.121,1.021,292,ok,0,0,0
2025-09-11 09:10:00,SEN-003,A,101.129,56.141,0.928,133,ok,0,0,0
2025-09-11 09:11:00,SEN-003,A,102.014,55.919,0.951,296,ok,0,0,0
2025-09-11 09:12:00,SEN-001,A,100.672,55.719,0.996,229,ok,0,0,0
2025-09-11 09:13:00,SEN-002,A,100.435,54.697,0.882,206,ok,0,0,0
2025-09-11 09:14:00,SEN-004,A,97.189,60.328,1.124,241,ok,0,0,0
2025-09-11 09:15:00,SEN-002,A,101.862,63.375,1.258,245,ok,0,0,0
2025-09-11 09:16:00,SEN-003,A,100.002,59.96,0.916,252,ok,0,0,0
2025-09-11 09:17:00,SEN-002,A,109.86,53.219,1.087,212,ok,0,0,0
2025-09-11 09:18:00,SEN-004,A,107.523,59.428,0.957,233,ok,0,0,0
2025-09-11 09:19:00,SEN-002,A,102.18,59.512,1.066,303,ok,0,0,0
2025-09-11 09:20:00,SEN-002,A,97.012,66.288,1.282,235,ok,0,0,0
2025-09-11 09:21:00,SEN-004,A,95.442,55.629,1.092,305,ok,0,0,0
2025-09-11 09:22:00,SEN-002,A,105.809,58.828,0.681,134,ok,0,0,0
2025-09-11 09:23:00,SEN-003,A,101.633,65.118,1.082,306,ok,0,0,0
2025-09-11 09:24:00,SEN-003,A,102.613,61.35,1.222,242,ok,0,0,0
2025-09-11 09:25:00,SEN-004,A,92.603,68.384,0.96,257,ok,0,0,0
2025-09-11 09:26:00,SEN-004,A,104.629,60.344,1.179,243,ok,0,0,0
2025-09-11 09:27:00,SEN-004,A,102.502,72.319,0.876,310,ok,0,0,0
2025-09-11 09:28:00,SEN-003,A,95.462,62.333,0.733,263,ok,0,0,0
2025-09-11 09:29:00,SEN-003,A,98.338,57.572,1.025,137,ok,0,0,0
2025-09-11 09:30:00,SEN-003,A,101.649,62.634,0.684,314,ok,0,0,0
2025-09-11 09:31:00,SEN-003,A,100.7,55.881,0.957,146,ok,0,0,0
2025-09-11 09:32:00,SEN-002,A,99.15,60.985,1.232,150,ok,0,0,0
2025-09-11 09:33:00,SEN-004,A,100.001,60.536,0.656,245,ok,0,0,0
2025-09-11 09:34:00,SEN-004,A,99.334,58.151,0.77,317,ok,0,0,0
2025-09-11 09:35:00,SEN-004,A,101.157,59.932,0.814,318,ok,0,0,0
2025-09-11 09:36:00,SEN-001,A,107.093,58.132,0.989,251,ok,0,0,0
2025-09-11 09:37:00,SEN-001,A,88.923,56.785,0.934,266,ok,0,0,0
2025-09-11 09:38:00,SEN-004,A,99.409,58.939,1.252,153,ok,0,0,0
2025-09-11 09:39:00,SEN-002,A,101.271,56.688,1.172,275,ok,0,0,0
2025-09-11 09:40:00,SEN-003,A,101.81,60.968,1.089,214,ok,0,0,0
2025-09-11 09:41:00,SEN-002,A,98.806,56.55,1.026,277,ok,0,0,0
2025-09-11 09:42:00,SEN-002,A,92.576,62.136,1.071,216,degraded,1,0,0
2025-09-11 09:43:00,SEN-001,A,101.959,56.456,1.509,283,ok,0,0,0
2025-09-11 09:44:00,SEN-001,A,108.258,58.301,1.463,159,ok,0,0,0
2025-09-11 09:45:00,SEN-004,A,93.584,58.126,0.8,254,ok,0,0,0
2025-09-11 09:46:00,SEN-003,A,104.375,63.975,1.15,219,ok,0,0,0
2025-09-11 09:47:00,SEN-003,A,99.011,60.991,1.214,288,ok,0,0,0
2025-09-11 09:48:00,SEN-001,A,100.215,59.365,1.038,164,ok,0,0,0
2025-09-11 09:49:00,SEN-001,A,95.755,61.496,0.968,223,ok,0,0,0
2025-09-11 09:50:00,SEN-001,A,98.989,53.678,1.072,170,ok,0,0,0
2025-09-11 09:51:00,SEN-004,A,106.346,59.871,0.485,172,ok,0,0,0
2025-09-11 09:52:00,SEN-004,A,103.119,65.993,1.054,257,ok,0,0,0
2025-09-11 09:53:00,SEN-001,A,108.294,60.397,0.98,294,ok,0,0,0
2025-09-11 09:54:00,SEN-001,A,105.799,60.204,0.991,228,ok,0,0,0
2025-09-11 09:55:00,SEN-002,A,102.478,61.644,1.127,229,ok,0,0,0
2025-09-11 09:56:00,SEN-004,A,108.352,62.687,0.987,234,ok,0,0,0
2025-09-11 09:57:00,SEN-001,A,102.481,54.008,0.795,181,ok,0,0,0
2025-09-11 09:58:00,SEN-003,A,104.233,54.953,0.975,300,ok,0,0,0
2025-09-11 09:59:00,SEN-003,A,99.174,60.631,1.012,321,ok,0,0,0
2025-09-11 10:00:00,SEN-002,A,100.81,57.855,1.021,184,ok,0,1,0
2025-09-11 10:01:00,SEN-003,A,97.374,63.936,1.029,239,ok,0,0,0
2025-09-11 10:02:00,SEN-001,A,104.967,59.054,1.187,264,ok,0,0,0
2025-09-11 10:03:00,SEN-004,A,95.213,54.196,0.805,240,ok,0,0,0
2025-09-11 10:04:00,SEN-004,A,104.037,56.196,1.032,269,ok,0,0,0
2025-09-11 10:05:00,SEN-002,A,99.661,51.751,1.232,273,ok,0,0,0
2025-09-11 10:06:00,SEN-004,A,105.791,59.298,0.688,305,ok,0,0,0
2025-09-11 10:07:00,SEN-001,A,103.901,59.435,1.032,307,ok,0,0,0
2025-09-11 10:08:00,SEN-003,A,108.716,58.727,0.895,314,ok,0,0,0
2025-09-11 10:09:00,SEN-002,A,103.813,63.237,0.933,328,ok,0,0,0
2025-09-11 10:10:00,SEN-002,A,93.452,63.596,0.837,190,ok,0,0,0
2025-09-11 10:11:00,SEN-002,A,100.227,59.489,0.969,248,ok,0,0,0
2025-09-11 10:12:00,SEN-001,A,95.256,53.596,1.331,318,ok,0,0,0
2025-09-11 10:13:00,SEN-004,A,98.199,61.852,0.772,253,ok,0,0,0
2025-09-11 10:14:00,SEN-001,A,107.334,61.666,0.789,279,ok,0,0,0
2025-09-11 10:15:00,SEN-001,A,103.403,60.928,0.766,323,ok,0,0,0
2025-09-11 10:16:00,SEN-004,A,97.391,62.944,1.311,327,ok,0,0,0
2025-09-11 10:17:00,SEN-004,A,95.976,56.506,0.917,194,ok,0,0,0
2025-09-11 10:18:00,SEN-001,A,100.687,66.026,0.995,201,degraded,1,0,0
2025-09-11 10:19:00,SEN-004,A,95.067,57.122,0.927,205,ok,0,0,0
2025-09-11 10:20:00,SEN-003,A,97.523,62.248,0.83,335,ok,0,0,0
2025-09-11 10:21:00,SEN-002,A,101.948,54.938,0.958,331,ok,0,0,0
2025-09-11 10:22:00,SEN-002,A,105.745,57.209,1.442,338,ok,0,0,0
2025-09-11 10:23:00,SEN-002,A,103.287,74.653,1.251,284,ok,0,0,0
2025-09-11 10:24:00,SEN-004,A,90.238,59.217,0.846,259,ok,0,0,0
2025-09-11 10:25:00,SEN-004,A,101.92,62.52,1.117,208,ok,0,0,0
2025-09-11 10:26:00,SEN-001,A,100.877,60.711,0.85,264,ok,0,0,0
2025-09-11 10:27:00,SEN-001,A,102.416,59.685,0.68,211,ok,0,0,0
2025-09-11 10:28:00,SEN-002,A,107.829,64.092,1.184,215,ok,0,0,0
2025-09-11 10:29:00,SEN-002,A,91.273,59.29,1.209,342,ok,0,0,0
2025-09-11 10:30:00,SEN-002,A,97.899,54.658,1.188,339,ok,0,0,0
2025-09-11 10:31:00,SEN-002,A,103.22,57.59,0.915,345,ok,0,0,0
2025-09-11 10:32:00,SEN-003,A,93.445,61.654,0.97,288,ok,0,0,0
2025-09-11 10:33:00,SEN-002,A,107.205,61.187,1.135,347,ok,0,0,0
2025-09-11 10:34:00,SEN-001,A,102.223,55.299,1.07,354,ok,0,0,0
2025-09-11 10:35:00,SEN-001,A,104.377,57.827,0.929,351,ok,0,0,0
2025-09-11 10:36:00,SEN-003,A,97.999,58.255,0.709,355,ok,0,0,0
2025-09-11 10:37:00,SEN-003,A,104.232,58.904,1.02,357,ok,0,0,0
2025-09-11 10:38:00,SEN-004,A,105.38,55.872,1.194,293,ok,0,0,0
2025-09-11 10:39:00,SEN-003,A,101.621,58.115,0.784,268,ok,0,0,0
2025-09-11 10:40:00,SEN-002,A,101.63,57.814,1.115,352,ok,0,0,0
2025-09-11 10:41:00,SEN-003,A,101.793,62.315,1.06,360,ok,0,0,0
2025-09-11 10:42:00,SEN-003,A,96.693,70.173,1.135,273,ok,0,0,0
2025-09-11 10:43:00,SEN-004,A,99.916,59.563,1.157,356,ok,0,0,0
2025-09-11 10:44:00,SEN-001,A,99.895,58.824,0.875,298,ok,0,0,0
2025-09-11 10:45:00,SEN-001,A,102.308,60.42,0.709,364,ok,0,0,0
2025-09-11 10:46:00,SEN-002,A,105.084,57.55,0.904,359,ok,0,0,0
2025-09-11 10:47:00,SEN-004,A,95.823,56.56,1.16,369,ok,0,0,0
2025-09-11 10:48:00,SEN-001,A,100.025,57.179,0.902,299,ok,0,0,0
2025-09-11 10:49:00,SEN-004,A,107.256,58.096,0.875,218,ok,0,0,0
2025-09-11 10:50:00,SEN-002,A,97.245,56.51,0.672,279,ok,0,0,0
2025-09-11 10:51:00,SEN-003,A,96.893,60.486,1.315,371,ok,0,0,0
2025-09-11 10:52:00,SEN-004,A,101.505,62.189,1.149,303,ok,0,0,0
2025-09-11 10:53:00,SEN-004,A,104.396,55.239,1.139,375,ok,0,0,0
2025-09-11 10:54:00,SEN-003,A,100.649,60.075,1.174,306,ok,0,1,0
2025-09-11 10:55:00,SEN-002,A,106.58,59.34,1.104,365,ok,0,0,0
2025-09-11 10:56:00,SEN-001,A,104.456,61.025,0.956,286,ok,0,0,0
2025-09-11 10:57:00,SEN-001,A,104.391,59.961,0.971,308,ok,0,0,0
2025-09-11 10:58:00,SEN-002,A,103.098,55.639,0.923,219,ok,0,0,0
2025-09-11 10:59:00,SEN-003,A,111.08,56.213,1.474,379,ok,0,0,0
2025-09-11 11:00:00,SEN-002,A,99.684,60.088,1.1,366,ok,0,0,0
2025-09-11 11:01:00,SEN-001,A,91.593,63.086,0.917,372,ok,0,0,0
2025-09-11 11:02:00,UNKNOWN-219,A,107.83,53.357,1.084,383,ok,0,0,0
2025-09-11 11:03:00,SEN-001,A,98.552,61.037,0.818,374,ok,0,0,0
2025-09-11 11:04:00,SEN-004,A,101.099,63.569,1.271,222,degraded,1,0,0
2025-09-11 11:05:00,SEN-004,A,106.508,59.541,0.881,224,ok,0,0,0
2025-09-11 11:06:00,SEN-003,A,93.407,61.651,1.09,386,ok,0,0,0
2025-09-11 11:07:00,SEN-004,A,94.986,57.891,1.192,225,ok,0,0,0
2025-09-11 11:08:00,SEN-002,A,93.414,59.642,1.069,232,ok,0,0,0
2025-09-11 11:09:00,SEN-002,A,97.048,55.137,1.017,388,ok,0,0,0
2025-09-11 11:10:00,SEN-001,A,102.602,52.967,1.002,378,ok,0,0,0
2025-09-11 11:11:00,UNKNOWN-587,A,102.984,62.828,0.99,237,ok,0,0,0
2025-09-11 11:12:00,SEN-003,A,101.87,57.045,0.896,395,ok,0,1,0
2025-09-11 11:13:00,SEN-003,A,94.271,58.633,0.919,383,ok,0,0,0
2025-09-11 11:14:00,SEN-004,A,90.234,55.841,1.266,399,ok,0,0,0
2025-09-11 11:15:00,SEN-004,A,100.876,55.77,0.98,291,ok,0,0,0
2025-09-11 11:16:00,SEN-001,A,98.51,59.478,0.859,385,ok,0,0,0
2025-09-11 11:17:00,SEN-003,A,102.702,57.811,0.907,294,ok,0,1,0
2025-09-11 11:18:00,SEN-002,A,103.795,61.134,1.198,298,ok,0,0,0
2025-09-11 11:19:00,SEN-001,A,101.26,61.358,1.122,299,ok,0,0,0
2025-09-11 11:20:00,SEN-001,A,104.06,60.963,1.101,388,ok,0,0,0
2025-09-11 11:21:00,SEN-001,A,101.673,60.716,0.954,392,ok,0,0,0
2025-09-11 11:22:00,SEN-001,A,103.028,64.733,1.103,316,ok,0,0,0
2025-09-11 11:23:00,SEN-002,A,97.473,56.797,0.884,406,ok,0,0,0
2025-09-11 11:24:00,SEN-002,A,99.838,59.835,0.953,304,ok,0,0,0
2025-09-11 11:25:00,SEN-001,A,101.533,63.398,1.175,243,ok,0,0,0
2025-09-11 11:26:00,SEN-002,A,104.342,63.794,1.157,409,ok,0,0,0
2025-09-11 11:27:00,SEN-003,A,98.879,55.735,0.823,248,ok,0,0,0
2025-09-11 11:28:00,SEN-003,A,102.998,59.063,0.846,254,ok,0,0,0
2025-09-11 11:29:00,SEN-003,A,99.458,64.074,1.02,412,ok,0,0,0
2025-09-11 11:30:00,SEN-004,A,100.127,61.524,1.311,318,ok,0,0,0
2025-09-11 11:31:00,SEN-001,A,104.39,60.586,0.655,417,ok,0,0,0
2025-09-11 11:32:00,SEN-002,A,91.69,59.347,1.05,306,ok,0,0,0
2025-09-11 11:33:00,SEN-002,A,94.826,63.737,0.752,398,ok,0,0,0
2025-09-11 11:34:00,SEN-002,A,93.992,60.865,0.886,325,ok,0,0,0
2025-09-11 11:35:00,SEN-004,A,90.163,59.243,0.934,257,ok,0,0,0
2025-09-11 11:36:00,SEN-003,A,97.613,59.872,0.924,420,ok,0,0,0
2025-09-11 11:37:00,SEN-001,A,104.039,60.236,0.904,427,ok,0,0,0
2025-09-11 11:38:00,SEN-004,A,99.387,66.44,1.001,330,ok,0,0,0
2025-09-11 11:39:00,SEN-003,A,101.56,61.596,0.904,336,ok,0,0,0
2025-09-11 11:40:00,SEN-002,A,105.573,68.743,0.737,261,ok,0,0,1
2025-09-11 11:41:00,SEN-002,A,106.648,54.669,1.14,265,ok,0,1,0
2025-09-11 11:42:00,SEN-002,A,100.364,60.972,1.136,311,ok,0,0,0
2025-09-11 11:43:00,SEN-002,A,106.768,57.719,1.152,319,ok,0,0,0
2025-09-11 11:44:00,SEN-002,A,101.093,61.732,0.723,404,ok,0,0,0
2025-09-11 11:45:00,SEN-003,A,96.912,60.14,1.054,268,ok,0,0,0
2025-09-11 11:46:00,SEN-004,A,98.007,62.286,1.122,273,ok,0,0,0
2025-09-11 11:47:00,SEN-001,A,94.021,63.527,0.814,408,ok,0,0,0
2025-09-11 11:48:00,SEN-001,A,96.688,60.577,1.002,411,ok,0,0,0
2025-09-11 11:49:00,SEN-003,A,99.075,63.396,0.979,432,ok,0,0,0
2025-09-11 11:50:00,SEN-003,A,104.304,52.967,1.332,437,ok,0,0,0
2025-09-11 11:51:00,UNKNOWN-956,A,108.433,64.771,1.346,414,ok,0,0,0
2025-09-11 11:52:00,SEN-001,A,94.471,61.125,0.7,341,ok,0,0,0
2025-09-11 11:53:00,SEN-001,A,102.461,63.234,1.449,440,ok,0,0,0
2025-09-11 11:54:00,SEN-002,A,96.012,56.34,0.835,419,ok,0,0,0
2025-09-11 11:55:00,SEN-001,A,102.832,57.508,1.177,443,ok,0,0,0
2025-09-11 11:56:00,SEN-004,A,100.108,60.438,1.175,277,ok,0,0,0
2025-09-11 11:57:00,SEN-002,A,92.46,59.949,0.821,345,ok,0,0,0
2025-09-11 11:58:00,SEN-001,A,104.878,60.849,1.089,278,ok,0,0,0
2025-09-11 11:59:00,SEN-002,A,97.98,63.254,0.981,286,ok,0,0,0
2025-09-11 12:00:00,SEN-002,A,98.302,63.966,1.1,324,ok,0,0,0
2025-09-11 12:01:00,SEN-004,A,95.892,62.921,1.042,451,ok,0,0,0
2025-09-11 12:02:00,SEN-001,A,97.763,60.025,1.215,456,ok,0,0,0
2025-09-11 12:03:00,SEN-003,A,102.635,59.389,1.014,330,ok,0,0,0
2025-09-11 12:04:00,SEN-001,A,99.859,55.587,0.97,422,ok,0,0,0
2025-09-11 12:05:00,SEN-004,A,102.191,61.509,1.197,459,ok,0,0,0
2025-09-11 12:06:00,SEN-002,A,102.343,52.758,1.104,426,ok,0,0,0
2025-09-11 12:07:00,SEN-001,A,106.658,61.945,1.132,434,ok,0,0,0
2025-09-11 12:08:00,SEN-002,A,99.175,55.524,0.88,289,ok,0,0,0
2025-09-11 12:09:00,SEN-004,A,94.073,60.16,0.812,435,ok,0,0,0
2025-09-11 12:10:00,SEN-001,A,105.523,59.642,0.898,352,ok,0,0,0
2025-09-11 12:11:00,SEN-004,A,99.23,63.509,0.888,295,ok,0,0,0
2025-09-11 12:12:00,SEN-003,A,105.739,59.464,1.142,334,ok,0,0,0
2025-09-11 12:13:00,SEN-003,A,102.45,57.918,1.176,444,ok,0,0,0
2025-09-11 12:14:00,SEN-001,A,100.137,58.48,0.972,343,ok,0,0,0
2025-09-11 12:15:00,SEN-003,A,102.298,75.863,1.258,460,ok,0,0,0
2025-09-11 12:16:00,SEN-002,A,109.51,61.609,1.246,298,ok,0,0,0
2025-09-11 12:17:00,SEN-002,A,110.078,58.843,1.044,356,ok,0,0,0
2025-09-11 12:18:00,SEN-002,A,101.045,59.291,0.852,348,ok,0,0,0
2025-09-11 12:19:00,SEN-004,A,101.456,55.298,1.284,303,ok,0,0,0
2025-09-11 12:20:00,SEN-001,A,105.58,61.165,0.989,352,ok,0,0,0
2025-09-11 12:21:00,SEN-003,A,96.933,54.721,1.023,462,ok,0,0,0
2025-09-11 12:22:00,SEN-002,A,102.239,62.255,0.939,450,ok,0,0,0
2025-09-11 12:23:00,SEN-001,A,100.625,60.386,0.84,309,ok,0,0,0
2025-09-11 12:24:00,SEN-004,A,102.156,67.161,0.736,456,ok,0,0,0
2025-09-11 12:25:00,SEN-003,A,96.994,56.7,1.114,354,ok,0,0,0
2025-09-11 12:26:00,SEN-004,A,93.593,59.692,0.859,360,ok,0,0,0
2025-09-11 12:27:00,SEN-002,A,91.419,65.395,1.551,364,ok,0,0,0
2025-09-11 12:28:00,SEN-003,A,95.721,63.574,0.805,311,ok,0,0,0
2025-09-11 12:29:00,SEN-002,A,98.687,57.911,0.774,358,ok,0,0,0
2025-09-11 12:30:00,SEN-002,A,99.433,60.672,1.092,458,ok,0,0,0
2025-09-11 12:31:00,SEN-001,A,109.472,60.006,1.275,366,ok,0,0,0
2025-09-11 12:32:00,SEN-003,A,105.733,60.846,1.012,372,ok,0,0,0
2025-09-11 12:33:00,SEN-004,A,96.428,57.904,1.103,376,ok,0,0,0
2025-09-11 12:34:00,SEN-003,A,102.324,59.732,0.668,379,ok,0,0,0
2025-09-11 12:35:00,SEN-001,A,98.929,55.206,0.878,465,ok,0,0,0
2025-09-11 12:36:00,SEN-003,A,99.483,60.405,0.807,385,ok,0,0,0
2025-09-11 12:37:00,SEN-001,A,101.598,61.35,0.659,359,ok,0,0,0
2025-09-11 12:38:00,SEN-003,A,103.552,59.318,1.021,316,ok,0,0,0
2025-09-11 12:39:00,SEN-003,A,99.241,55.155,0.596,470,ok,0,0,0
2025-09-11 12:40:00,SEN-001,A,105.556,62.966,0.762,466,ok,0,0,0
2025-09-11 12:41:00,SEN-002,A,95.632,61.094,0.903,320,ok,0,0,0
2025-09-11 12:42:00,SEN-001,A,100.801,57.822,0.85,386,ok,0,0,0
2025-09-11 12:43:00,SEN-003,A,112.463,59.158,1.071,395,ok,0,0,0
2025-09-11 12:44:00,SEN-004,A,101.779,55.498,1.055,324,ok,0,0,0
2025-09-11 12:45:00,SEN-002,A,107.226,56.924,1.161,475,ok,0,0,0
2025-09-11 12:46:00,SEN-002,A,101.19,58.387,1.135,363,ok,0,0,0
2025-09-11 12:47:00,UNKNOWN-201,A,103.394,63.685,1.205,469,ok,0,0,0
2025-09-11 12:48:00,SEN-003,A,100.526,58.081,1.0,475,ok,0,0,0
2025-09-11 12:49:00,SEN-003,A,100.016,61.921,1.055,329,ok,0,0,0
2025-09-11 12:50:00,SEN-003,A,97.277,58.385,1.092,399,ok,0,0,0
2025-09-11 12:51:00,SEN-003,A,102.723,60.744,1.025,334,ok,0,0,0
2025-09-11 12:52:00,SEN-003,A,96.956,59.576,0.929,367,ok,0,0,0
2025-09-11 12:53:00,SEN-002,A,103.785,62.619,0.94,375,ok,0,0,0
2025-09-11 12:54:00,SEN-004,A,105.675,58.396,0.853,481,ok,0,0,0
2025-09-11 12:55:00,SEN-004,A,102.442,55.282,1.076,339,ok,0,0,0
2025-09-11 12:56:00,SEN-001,A,99.507,55.854,0.983,477,ok,0,0,0
2025-09-11 12:57:00,SEN-002,A,102.839,58.404,0.881,381,ok,0,0,0
2025-09-11 12:58:00,SEN-004,A,99.409,56.253,0.881,386,ok,0,0,0
2025-09-11 12:59:00,SEN-001,A,105.009,61.231,0.782,484,ok,0,0,0
2025-09-11 13:00:00,SEN-002,A,92.56,58.603,1.176,485,ok,0,0,0
2025-09-11 13:01:00,SEN-004,A,99.292,67.124,1.014,405,ok,0,0,0
2025-09-11 13:02:00,SEN-003,A,91.846,54.787,0.845,411,ok,0,0,0
2025-09-11 13:03:00,SEN-001,A,94.078,60.611,1.146,480,ok,0,0,0
2025-09-11 13:04:00,UNKNOWN-932,A,106.945,56.616,0.899,414,ok,0,0,0
2025-09-11 13:05:00,SEN-004,A,104.837,58.52,0.747,391,ok,0,1,0
2025-09-11 13:06:00,SEN-003,A,97.573,60.424,1.184,418,ok,0,0,0
2025-09-11 13:07:00,SEN-001,A,94.051,53.024,0.903,486,ok,0,0,0
2025-09-11 13:08:00,SEN-003,A,87.474,60.71,0.926,489,ok,0,0,0
2025-09-11 13:09:00,SEN-004,A,98.37,65.709,1.007,344,ok,0,0,0
2025-09-11 13:10:00,SEN-002,A,111.709,64.058,1.206,421,ok,0,0,0
2025-09-11 13:11:00,SEN-003,A,102.776,60.779,1.004,350,ok,0,0,0
2025-09-11 13:12:00,SEN-003,A,98.302,63.075,0.784,355,ok,0,0,0
2025-09-11 13:13:00,SEN-004,A,102.915,59.508,1.098,360,ok,0,1,0
2025-09-11 13:14:00,SEN-001,A,93.799,58.257,0.913,365,ok,0,0,0
2025-09-11 13:15:00,SEN-002,A,99.487,53.173,1.34,368,ok,0,0,0
2025-09-11 13:16:00,SEN-001,A,101.275,61.923,1.0,486,ok,0,0,0
2025-09-11 13:17:00,SEN-004,A,100.441,59.66,0.598,424,ok,0,0,0
2025-09-11 13:18:00,SEN-003,A,104.389,56.962,1.064,495,ok,0,0,0
2025-09-11 13:19:00,SEN-002,A,102.383,60.38,1.35,399,ok,0,0,0
2025-09-11 13:20:00,SEN-002,A,103.841,58.249,1.284,491,ok,0,0,0
2025-09-11 13:21:00,SEN-003,A,97.737,58.415,1.33,431,ok,0,0,0
2025-09-11 13:22:00,SEN-001,A,104.877,61.819,0.816,494,ok,0,0,0
2025-09-11 13:23:00,SEN-003,A,108.168,55.985,1.164,500,ok,0,0,0
2025-09-11 13:24:00,SEN-001,A,96.474,63.142,0.87,504,ok,0,0,0
2025-09-11 13:25:00,SEN-004,A,96.847,55.807,1.456,510,ok,0,0,0
2025-09-11 13:26:00,SEN-002,A,106.854,58.012,0.771,432,ok,0,0,0
2025-09-11 13:27:00,SEN-002,A,99.984,65.769,0.884,405,ok,0,0,1
2025-09-11 13:28:00,SEN-001,A,107.164,63.382,0.878,371,ok,0,0,0
2025-09-11 13:29:00,SEN-003,A,98.857,60.293,1.162,410,ok,0,0,0
2025-09-11 13:30:00,SEN-002,A,107.397,57.178,1.144,503,ok,0,0,0
2025-09-11 13:31:00,SEN-002,A,101.443,58.412,1.05,377,ok,0,0,1
2025-09-11 13:32:00,SEN-003,A,102.015,60.22,0.757,382,ok,0,0,0
2025-09-11 13:33:00,SEN-003,A,107.896,60.113,0.944,415,ok,0,0,0
2025-09-11 13:34:00,SEN-003,A,99.228,59.727,0.866,510,ok,0,0,0
2025-09-11 13:35:00,SEN-002,A,96.623,59.908,1.157,388,ok,0,0,0
2025-09-11 13:36:00,SEN-003,A,98.841,59.357,1.212,515,ok,0,0,0
2025-09-11 13:37:00,SEN-001,A,102.896,55.674,1.19,420,ok,0,0,0
2025-09-11 13:38:00,SEN-001,A,93.817,58.45,0.864,520,ok,0,0,0
2025-09-11 13:39:00,SEN-004,A,103.733,62.744,0.507,424,ok,0,0,0
2025-09-11 13:40:00,SEN-002,A,98.441,55.895,0.682,434,ok,0,0,0
2025-09-11 13:41:00,SEN-004,A,106.032,59.431,1.256,440,ok,0,0,0
2025-09-11 13:42:00,SEN-004,A,90.095,57.541,0.928,443,ok,0,0,0
2025-09-11 13:43:00,SEN-004,A,97.331,60.334,0.865,516,ok,0,0,0
2025-09-11 13:44:00,SEN-003,A,93.283,58.834,1.296,524,ok,0,0,0
2025-09-11 13:45:00,SEN-001,A,97.156,64.432,1.228,6,ok,0,0,0
2025-09-11 13:46:00,SEN-003,A,101.99,61.52,1.004,392,ok,0,0,0
2025-09-11 13:47:00,SEN-003,A,100.07,56.065,0.947,520,ok,0,0,1
2025-09-11 13:48:00,SEN-003,A,99.738,62.014,0.976,525,ok,0,0,0
2025-09-11 13:49:00,SEN-004,A,100.164,57.676,1.041,447,ok,0,0,0
2025-09-11 13:50:00,SEN-003,A,101.797,58.269,1.288,455,ok,0,0,0
2025-09-11 13:51:00,SEN-003,A,96.345,60.941,1.076,400,ok,0,0,0
2025-09-11 13:52:00,SEN-002,A,104.066,58.525,1.131,463,ok,0,0,0
2025-09-11 13:53:00,SEN-002,A,103.869,62.679,1.692,468,ok,0,0,0
2025-09-11 13:54:00,SEN-003,A,102.621,57.676,0.789,427,ok,0,0,0
2025-09-11 13:55:00,SEN-004,A,103.394,58.143,1.136,433,ok,0,0,0
2025-09-11 13:56:00,SEN-004,A,102.225,58.031,0.947,437,ok,0,0,0
2025-09-11 13:57:00,SEN-001,A,110.051,58.303,0.547,531,ok,0,0,0
2025-09-11 13:58:00,SEN-001,A,100.503,63.298,0.617,471,ok,0,0,0
2025-09-11 13:59:00,SEN-004,A,99.514,61.886,0.817,405,ok,0,0,0
2025-09-11 14:00:00,SEN-002,A,97.507,65.13,1.096,13,ok,0,0,0
2025-09-11 14:01:00,SEN-003,A,96.254,66.803,1.02,475,ok,0,0,0
2025-09-11 14:02:00,SEN-004,A,95.301,56.908,1.033,479,ok,0,0,0
2025-09-11 14:03:00,SEN-003,A,96.903,60.211,2.059,15,ok,0,0,0
2025-09-11 14:04:00,SEN-003,A,100.586,56.471,0.772,440,ok,0,0,0
2025-09-11 14:05:00,SEN-002,A,102.41,57.667,0.995,536,ok,0,0,0
2025-09-11 14:06:00,SEN-002,A,101.138,58.11,1.055,541,ok,0,0,0
2025-09-11 14:07:00,SEN-003,A,97.464,56.829,0.867,547,ok,0,0,0
2025-09-11 14:08:00,SEN-002,A,104.962,56.844,1.005,441,ok,0,0,0
2025-09-11 14:09:00,SEN-001,A,104.24,59.567,0.712,19,ok,0,0,0
2025-09-11 14:10:00,SEN-002,A,100.196,56.35,1.254,21,ok,0,0,0
2025-09-11 14:11:00,SEN-002,A,97.978,62.526,0.877,484,ok,0,0,0
2025-09-11 14:12:00,SEN-003,A,103.385,57.247,1.366,22,ok,0,0,0
2025-09-11 14:13:00,SEN-004,A,101.765,68.429,0.994,2,ok,0,0,0
2025-09-11 14:14:00,SEN-002,A,94.404,58.646,1.185,553,ok,0,0,0
2025-09-11 14:15:00,SEN-004,A,100.616,60.216,0.99,556,ok,0,0,0
2025-09-11 14:16:00,SEN-003,A,102.103,56.114,0.994,448,ok,0,0,0
2025-09-11 14:17:00,SEN-004,A,96.877,65.118,0.895,8,ok,0,0,0
2025-09-11 14:18:00,SEN-003,A,101.781,63.359,1.021,560,ok,0,0,0
2025-09-11 14:19:00,SEN-002,A,94.382,60.891,1.057,411,ok,0,0,0
2025-09-11 14:20:00,SEN-002,A,106.943,55.96,0.859,415,ok,0,0,0
2025-09-11 14:21:00,SEN-002,A,106.548,60.632,0.977,421,ok,0,0,0
2025-09-11 14:22:00,SEN-003,A,99.797,56.636,0.89,424,ok,0,0,0
2025-09-11 14:23:00,SEN-002,A,102.571,64.387,1.414,491,ok,0,0,0
2025-09-11 14:24:00,SEN-002,A,90.092,62.428,0.984,561,ok,0,0,0
2025-09-11 14:25:00,SEN-003,A,95.735,60.286,1.278,426,ok,0,0,0
2025-09-11 14:26:00,SEN-001,A,99.618,52.691,0.965,11,ok,0,0,0
2025-09-11 14:27:00,SEN-001,A,96.117,57.05,1.047,14,ok,0,0,0
2025-09-11 14:28:00,SEN-001,A,104.158,62.063,0.762,453,ok,0,0,0
2025-09-11 14:29:00,SEN-003,A,109.933,63.639,0.92,457,ok,0,0,0
2025-09-11 14:30:00,SEN-001,A,95.652,63.328,1.038,432,ok,0,0,0
2025-09-11 14:31:00,SEN-002,A,97.179,55.224,1.285,21,ok,0,0,0
2025-09-11 14:32:00,SEN-003,A,102.009,60.905,1.04,562,ok,0,0,0
2025-09-11 14:33:00,SEN-002,A,108.201,63.047,1.249,498,ok,0,0,0
2025-09-11 14:34:00,SEN-001,A,95.452,55.025,1.115,566,degraded,1,0,0
2025-09-11 14:35:00,SEN-002,A,102.075,59.976,1.293,574,ok,0,0,0
2025-09-11 14:36:00,SEN-002,A,109.152,60.822,0.989,501,ok,0,0,0
2025-09-11 14:37:00,SEN-001,A,93.525,59.098,1.43,575,ok,0,0,0
2025-09-11 14:38:00,SEN-001,A,95.195,54.444,0.913,27,ok,0,0,0
2025-09-11 14:39:00,SEN-003,A,99.055,59.023,0.862,581,ok,0,0,0
2025-09-11 14:40:00,SEN-002,A,98.62,59.018,0.782,503,ok,0,0,0
2025-09-11 14:41:00,SEN-002,A,104.621,59.556,1.42,506,ok,0,0,0
2025-09-11 14:42:00,SEN-002,A,102.053,58.31,1.148,33,ok,0,0,0
2025-09-11 14:43:00,SEN-001,A,92.98,58.671,0.94,462,ok,0,0,0
2025-09-11 14:44:00,SEN-004,A,103.288,59.881,1.225,37,ok,0,0,0
2025-09-11 14:45:00,SEN-002,A,98.372,61.327,1.124,586,ok,0,0,0
2025-09-11 14:46:00,SEN-004,A,106.707,59.087,1.354,591,ok,0,0,0
2025-09-11 14:47:00,SEN-003,A,98.15,58.771,0.721,435,ok,0,0,0
2025-09-11 14:48:00,SEN-004,A,98.111,60.277,0.952,441,ok,0,0,0
2025-09-11 14:49:00,SEN-002,A,103.412,54.237,0.917,447,ok,0,0,0
2025-09-11 14:50:00,SEN-001,A,104.412,61.431,0.645,452,ok,0,1,1
2025-09-11 14:51:00,SEN-004,A,102.997,59.998,1.191,43,ok,0,0,0
2025-09-11 14:52:00,SEN-001,A,93.397,60.119,1.754,599,ok,0,0,0
2025-09-11 14:53:00,SEN-002,A,103.405,62.882,1.133,509,ok,0,0,0
2025-09-11 14:54:00,SEN-003,A,96.331,54.142,1.425,456,ok,0,0,0
2025-09-11 14:55:00,SEN-003,A,102.046,54.078,0.936,513,ok,0,0,0
2025-09-11 14:56:00,SEN-003,A,94.582,60.821,0.924,49,ok,0,0,0
2025-09-11 14:57:00,SEN-004,A,102.998,59.979,1.021,465,ok,0,0,0
2025-09-11 14:58:00,SEN-001,A,97.362,60.511,1.178,55,ok,0,0,0
2025-09-11 14:59:00,SEN-003,A,95.221,58.614,0.898,460,ok,0,0,0
2025-09-11 15:00:00,SEN-003,A,104.207,61.993,0.886,57,ok,0,0,0
2025-09-11 15:01:00,SEN-004,A,102.084,62.798,1.19,518,ok,0,0,0
2025-09-11 15:02:00,SEN-001,A,98.235,61.452,1.068,60,ok,0,0,0
2025-09-11 15:03:00,SEN-004,A,107.53,59.218,0.632,65,ok,0,0,0
2025-09-11 15:04:00,SEN-001,A,99.018,53.677,0.779,70,ok,0,0,0
2025-09-11 15:05:00,SEN-004,A,101.147,62.308,1.27,461,ok,0,0,0
2025-09-11 15:06:00,SEN-002,A,102.215,63.665,1.072,465,ok,0,0,1
2025-09-11 15:07:00,SEN-002,A,98.218,61.934,0.863,470,ok,0,0,0
2025-09-11 15:08:00,SEN-003,A,103.128,57.361,0.969,524,ok,0,0,0
2025-09-11 15:09:00,SEN-004,A,98.609,62.021,1.002,605,ok,0,0,0
2025-09-11 15:10:00,SEN-002,A,99.159,62.582,1.132,473,ok,0,0,0
2025-09-11 15:11:00,UNKNOWN-670,A,107.145,64.676,0.756,528,ok,0,0,0
2025-09-11 15:12:00,SEN-001,A,96.332,57.372,0.849,610,ok,0,0,0
2025-09-11 15:13:00,SEN-002,A,90.158,59.321,1.049,532,ok,0,0,0
2025-09-11 15:14:00,SEN-002,A,108.267,62.242,0.982,73,ok,0,0,0
2025-09-11 15:15:00,SEN-001,A,112.491,60.172,1.103,477,ok,0,0,0
2025-09-11 15:16:00,SEN-003,A,99.197,56.648,0.779,78,ok,0,0,0
2025-09-11 15:17:00,SEN-004,A,92.307,61.244,1.064,81,ok,0,0,0
2025-09-11 15:18:00,SEN-002,A,99.627,61.736,1.196,471,ok,0,0,0
2025-09-11 15:19:00,SEN-001,A,99.738,60.264,1.088,476,ok,0,0,0
2025-09-11 15:20:00,SEN-003,A,100.173,60.659,1.025,538,ok,0,0,0
2025-09-11 15:21:00,SEN-003,A,96.019,59.224,0.983,481,ok,0,0,0
2025-09-11 15:22:00,SEN-002,A,103.638,64.435,0.85,489,ok,0,0,0
2025-09-11 15:23:00,SEN-003,A,103.392,57.298,0.987,543,ok,0,0,0
2025-09-11 15:24:00,SEN-004,A,94.309,58.238,1.227,549,ok,0,0,0
2025-09-11 15:25:00,SEN-004,A,104.182,60.033,0.979,87,ok,0,0,0
2025-09-11 15:26:00,SEN-003,A,110.274,62.637,0.84,480,ok,0,0,0
2025-09-11 15:27:00,SEN-003,A,101.812,55.508,0.911,554,ok,0,0,0
2025-09-11 15:28:00,SEN-001,A,99.522,56.069,1.036,483,ok,0,0,0
2025-09-11 15:29:00,SEN-003,A,100.403,53.887,0.933,491,ok,0,0,0
2025-09-11 15:30:00,SEN-004,A,103.812,67.755,1.087,494,ok,0,0,0
2025-09-11 15:31:00,SEN-003,A,93.257,56.645,1.094,90,ok,0,0,0
2025-09-11 15:32:00,SEN-004,A,101.786,58.846,1.16,498,ok,0,0,0
2025-09-11 15:33:00,SEN-004,A,99.291,61.984,1.256,498,ok,0,0,0
2025-09-11 15:34:00,SEN-004,A,109.365,58.075,1.179,504,ok,0,0,0
2025-09-11 15:35:00,SEN-001,A,100.268,60.694,0.832,499,ok,0,0,0
2025-09-11 15:36:00,SEN-003,A,108.559,59.102,0.837,97,ok,0,0,0
2025-09-11 15:37:00,SEN-002,A,96.088,62.016,0.986,102,ok,0,0,0
2025-09-11 15:38:00,SEN-003,A,103.699,61.425,0.919,557,ok,0,0,0
2025-09-11 15:39:00,SEN-004,A,102.495,57.924,0.795,509,ok,0,0,0
2025-09-11 15:40:00,SEN-004,A,97.149,59.494,0.92,110,ok,0,0,0
2025-09-11 15:41:00,SEN-001,A,101.859,63.131,0.915,560,ok,0,0,0
2025-09-11 15:42:00,SEN-003,A,106.519,61.18,0.879,113,ok,0,0,0
2025-09-11 15:43:00,SEN-003,A,99.607,55.809,0.943,513,ok,0,0,0
2025-09-11 15:44:00,SEN-003,A,93.452,61.967,1.212,118,ok,0,0,0
2025-09-11 15:45:00,SEN-002,A,100.989,56.746,1.036,505,ok,0,0,0
2025-09-11 15:46:00,SEN-002,A,97.008,64.238,1.445,123,ok,0,0,0
2025-09-11 15:47:00,SEN-004,A,99.53,63.072,1.031,517,ok,0,0,0
2025-09-11 15:48:00,SEN-003,A,100.705,60.87,0.948,565,ok,0,0,0
2025-09-11 15:49:00,SEN-003,A,93.399,60.472,1.001,618,ok,0,0,0
2025-09-11 15:50:00,SEN-003,A,93.805,59.373,1.046,624,ok,0,0,0
2025-09-11 15:51:00,SEN-004,A,103.247,62.036,1.078,127,ok,0,0,0
2025-09-11 15:52:00,SEN-002,A,98.727,58.888,1.374,521,ok,0,0,0
2025-09-11 15:53:00,SEN-001,A,89.539,60.707,0.848,132,ok,0,0,0
2025-09-11 15:54:00,SEN-001,A,104.614,62.616,1.155,138,ok,0,0,0
2025-09-11 15:55:00,SEN-004,A,102.309,58.315,1.037,568,ok,0,0,0
2025-09-11 15:56:00,SEN-002,A,97.873,58.151,0.717,144,ok,0,0,0
2025-09-11 15:57:00,SEN-003,A,95.161,56.417,1.139,525,ok,0,0,0
2025-09-11 15:58:00,SEN-002,A,104.85,56.807,1.228,573,ok,0,0,0
2025-09-11 15:59:00,SEN-002,A,102.662,54.515,0.846,583,ok,0,0,0
2025-09-11 16:00:00,SEN-002,A,111.814,62.189,0.998,589,ok,0,0,0
2025-09-11 16:01:00,SEN-002,A,102.984,65.427,0.689,593,ok,0,0,0
2025-09-11 16:02:00,SEN-003,A,102.84,64.276,0.773,629,ok,0,0,1
2025-09-11 16:03:00,SEN-001,A,100.345,55.122,1.189,150,ok,0,0,0
2025-09-11 16:04:00,SEN-001,A,104.774,62.175,0.916,635,ok,0,0,0
2025-09-11 16:05:00,SEN-002,A,103.913,64.266,0.8,151,ok,0,0,0
2025-09-11 16:06:00,SEN-002,A,106.734,58.63,1.041,636,ok,0,0,0
2025-09-11 16:07:00,SEN-001,A,98.757,60.304,0.906,155,ok,0,0,0
2025-09-11 16:08:00,SEN-003,A,99.145,53.976,0.915,510,ok,0,0,0
2025-09-11 16:09:00,SEN-004,A,98.95,60.8,1.133,641,ok,0,0,0
2025-09-11 16:10:00,SEN-001,A,104.667,56.809,0.791,645,ok,0,0,0
2025-09-11 16:11:00,SEN-002,A,107.852,60.599,0.837,161,ok,0,0,0
2025-09-11 16:12:00,SEN-002,A,99.046,55.316,1.028,652,ok,0,0,0
2025-09-11 16:13:00,SEN-001,A,99.201,61.629,1.174,526,ok,0,0,0
2025-09-11 16:14:00,SEN-004,A,102.528,63.074,1.223,594,ok,0,0,0
2025-09-11 16:15:00,SEN-003,A,100.01,57.65,0.88,599,ok,0,0,0
2025-09-11 16:16:00,SEN-004,A,105.402,56.589,1.169,658,ok,0,0,0
2025-09-11 16:17:00,SEN-002,A,90.986,53.532,0.859,602,ok,0,0,0
2025-09-11 16:18:00,SEN-002,A,97.401,59.201,1.329,603,ok,0,0,0
2025-09-11 16:19:00,SEN-001,A,97.602,58.255,0.796,515,ok,0,0,0
2025-09-11 16:20:00,SEN-003,A,90.682,55.347,1.239,663,ok,0,0,0
2025-09-11 16:21:00,SEN-003,A,96.789,61.359,0.882,165,ok,0,0,0
2025-09-11 16:22:00,SEN-004,A,97.009,58.65,1.362,610,ok,0,0,0
2025-09-11 16:23:00,SEN-002,A,100.224,61.818,1.106,668,ok,0,0,0
2025-09-11 16:24:00,SEN-004,A,106.139,58.336,0.817,671,ok,0,0,0
2025-09-11 16:25:00,SEN-001,A,100.029,63.214,0.906,518,ok,0,0,0
2025-09-11 16:26:00,SEN-001,A,96.495,61.809,1.141,170,ok,0,0,0
2025-09-11 16:27:00,SEN-004,A,100.879,59.61,1.189,174,ok,0,0,0
2025-09-11 16:28:00,SEN-002,A,105.858,61.857,0.987,175,ok,0,0,0
2025-09-11 16:29:00,SEN-001,A,96.747,56.517,1.008,523,ok,0,0,0
2025-09-11 16:30:00,SEN-001,A,97.043,60.097,1.137,674,ok,0,0,0
2025-09-11 16:31:00,SEN-001,A,103.655,60.442,1.024,678,ok,0,0,0
2025-09-11 16:32:00,SEN-002,A,100.147,58.59,0.767,681,ok,0,0,0
2025-09-11 16:33:00,SEN-001,A,104.059,61.306,0.854,618,ok,0,0,0
2025-09-11 16:34:00,SEN-001,A,101.085,65.111,1.042,624,ok,0,0,0
2025-09-11 16:35:00,SEN-003,A,104.306,61.529,1.219,183,ok,0,0,0
2025-09-11 16:36:00,SEN-003,A,96.492,61.656,1.291,685,ok,0,0,0
2025-09-11 16:37:00,SEN-001,A,101.097,62.095,1.14,189,ok,0,0,0
2025-09-11 16:38:00,SEN-002,A,100.205,63.571,1.052,531,ok,0,0,0
2025-09-11 16:39:00,SEN-003,A,95.683,56.165,1.135,526,ok,0,0,0
2025-09-11 16:40:00,SEN-004,A,94.121,58.152,0.88,193,ok,0,0,0
2025-09-11 16:41:00,SEN-002,A,104.244,63.076,0.972,199,degraded,1,0,0
2025-09-11 16:42:00,SEN-004,A,99.58,59.048,0.852,529,ok,0,0,0
2025-09-11 16:43:00,SEN-004,A,96.561,55.601,0.775,206,ok,0,0,0
2025-09-11 16:44:00,SEN-002,A,100.73,56.719,1.06,211,ok,0,0,0
2025-09-11 16:45:00,SEN-001,A,106.241,63.081,1.033,217,ok,0,0,0
2025-09-11 16:46:00,SEN-001,A,90.903,54.235,1.124,629,ok,0,0,0
2025-09-11 16:47:00,SEN-003,A,94.433,63.387,1.098,218,ok,0,0,0
2025-09-11 16:48:00,SEN-001,A,97.016,59.835,1.044,689,ok,0,0,0
2025-09-11 16:49:00,SEN-001,A,107.746,56.423,1.1,696,ok,0,0,0
2025-09-11 16:50:00,SEN-004,A,102.444,58.251,0.992,223,ok,0,0,0
2025-09-11 16:51:00,SEN-004,A,104.627,66.402,1.074,536,ok,0,0,0
2025-09-11 16:52:00,SEN-003,A,96.045,62.599,0.869,701,ok,0,0,0
2025-09-11 16:53:00,SEN-001,A,96.139,62.197,1.067,702,ok,0,0,0
2025-09-11 16:54:00,SEN-003,A,103.194,54.843,1.12,636,ok,0,0,0
2025-09-11 16:55:00,SEN-003,A,101.443,58.789,0.879,224,ok,0,0,0
2025-09-11 16:56:00,SEN-004,A,103.652,57.41,1.009,536,ok,0,0,0
2025-09-11 16:57:00,SEN-003,A,100.339,63.881,0.888,540,ok,0,0,0
2025-09-11 16:58:00,SEN-002,A,102.437,55.95,0.905,641,ok,0,0,0
2025-09-11 16:59:00,SEN-001,A,101.899,64.813,0.798,225,ok,0,0,0
2025-09-11 17:00:00,UNKNOWN-294,A,104.689,59.9,1.228,647,ok,0,0,0
2025-09-11 17:01:00,SEN-003,A,104.822,56.514,1.192,546,ok,0,0,0
2025-09-11 17:02:00,SEN-004,A,93.903,57.968,1.097,231,ok,0,0,0
2025-09-11 17:03:00,SEN-001,A,91.081,57.595,1.355,537,ok,0,0,0
2025-09-11 17:04:00,SEN-001,A,105.703,56.176,0.966,549,ok,0,0,0
2025-09-11 17:05:00,SEN-002,A,106.542,70.738,1.546,554,ok,0,0,0
2025-09-11 17:06:00,SEN-001,A,96.606,56.316,0.959,709,ok,0,0,0
2025-09-11 17:07:00,SEN-001,A,92.831,53.459,1.046,650,ok,0,0,0
2025-09-11 17:08:00,SEN-003,A,101.647,58.861,0.928,712,ok,0,0,0
2025-09-11 17:09:00,SEN-002,A,105.392,54.591,1.067,559,ok,0,0,0
2025-09-11 17:10:00,SEN-003,A,109.294,57.744,1.15,659,ok,0,0,0
2025-09-11 17:11:00,SEN-003,A,103.53,57.273,0.979,715,ok,0,0,0
2025-09-11 17:12:00,SEN-001,A,99.535,57.386,1.32,541,ok,0,0,0
2025-09-11 17:13:00,SEN-002,A,97.191,66.003,1.043,235,ok,0,0,0
2025-09-11 17:14:00,SEN-004,A,101.263,60.169,1.049,563,ok,0,0,0
2025-09-11 17:15:00,SEN-003,A,99.866,60.736,0.836,242,ok,0,0,0
2025-09-11 17:16:00,SEN-001,A,96.647,54.671,1.075,663,ok,0,0,0
2025-09-11 17:17:00,SEN-001,A,110.436,58.038,0.976,252,ok,0,0,0
2025-09-11 17:18:00,SEN-002,A,109.251,60.646,0.891,546,ok,0,0,0
2025-09-11 17:19:00,SEN-002,A,106.332,56.926,0.86,553,ok,0,0,0
2025-09-11 17:20:00,SEN-002,A,97.077,62.724,1.481,567,ok,0,0,0
2025-09-11 17:21:00,SEN-004,A,105.07,56.392,0.953,665,ok,0,0,0
2025-09-11 17:22:00,SEN-002,A,104.103,59.141,0.738,571,ok,0,0,0
2025-09-11 17:23:00,SEN-003,A,103.217,58.242,0.874,559,ok,0,0,0
2025-09-11 17:24:00,SEN-001,A,106.851,60.493,0.991,574,ok,0,0,0
2025-09-11 17:25:00,SEN-004,A,104.088,58.079,1.098,581,ok,0,0,0
2025-09-11 17:26:00,SEN-004,A,104.561,59.187,1.1,669,ok,0,0,0
2025-09-11 17:27:00,SEN-001,A,104.098,59.292,1.122,672,ok,0,0,0
2025-09-11 17:28:00,SEN-001,A,102.767,57.797,1.878,724,ok,0,0,0
2025-09-11 17:29:00,SEN-001,A,93.209,61.455,1.061,255,ok,0,0,0
2025-09-11 17:30:00,UNKNOWN-322,A,101.613,60.715,0.842,585,ok,0,0,0
2025-09-11 17:31:00,SEN-004,A,98.736,59.734,0.888,678,ok,0,0,0
2025-09-11 17:32:00,SEN-003,A,95.481,58.709,0.835,259,ok,0,0,0
2025-09-11 17:33:00,SEN-004,A,108.81,62.39,0.786,562,ok,0,0,0
2025-09-11 17:34:00,SEN-003,A,109.024,59.292,1.192,565,ok,0,0,0
2025-09-11 17:35:00,SEN-002,A,107.362,59.08,1.124,686,ok,0,0,0
2025-09-11 17:36:00,SEN-002,A,102.395,60.314,1.176,692,ok,0,0,0
2025-09-11 17:37:00,SEN-004,A,107.326,65.09,1.007,571,ok,0,0,1
2025-09-11 17:38:00,SEN-004,A,101.304,55.979,1.14,729,ok,0,0,0
2025-09-11 17:39:00,SEN-004,A,102.164,62.31,0.683,697,ok,0,0,0
2025-09-11 17:40:00,SEN-002,A,96.333,54.32,1.155,701,ok,0,0,0
2025-09-11 17:41:00,SEN-004,A,103.041,60.652,1.032,734,ok,0,0,0
2025-09-11 17:42:00,SEN-002,A,101.528,64.725,1.113,572,ok,0,0,0
2025-09-11 17:43:00,SEN-001,A,95.396,61.466,1.068,707,ok,0,0,0
2025-09-11 17:44:00,SEN-001,A,101.029,60.512,0.822,589,ok,0,0,1
2025-09-11 17:45:00,SEN-002,A,100.903,58.319,0.73,261,ok,0,0,0
2025-09-11 17:46:00,SEN-001,A,109.352,60.093,0.872,266,ok,0,0,0
2025-09-11 17:47:00,SEN-001,A,105.289,59.244,1.102,576,ok,0,0,0
2025-09-11 17:48:00,SEN-001,A,101.318,57.642,1.124,582,ok,0,0,1
2025-09-11 17:49:00,SEN-004,A,102.387,59.13,0.754,586,ok,0,0,0
2025-09-11 17:50:00,SEN-004,A,101.468,60.595,0.823,710,ok,0,0,0
2025-09-11 17:51:00,SEN-004,A,100.358,57.698,0.87,738,ok,0,0,0
2025-09-11 17:52:00,SEN-001,A,96.402,57.581,0.936,593,ok,0,0,0
2025-09-11 17:53:00,SEN-004,A,100.595,55.919,0.755,744,ok,0,0,0
2025-09-11 17:54:00,SEN-002,A,97.918,61.172,0.744,750,ok,0,0,0
2025-09-11 17:55:00,SEN-004,A,95.651,61.636,0.852,757,ok,0,0,0
2025-09-11 17:56:00,SEN-001,A,103.58,60.695,1.016,599,ok,0,0,0
2025-09-11 17:57:00,UNKNOWN-424,A,103.041,62.896,0.787,269,ok,0,0,0
2025-09-11 17:58:00,SEN-003,A,93.242,60.264,0.979,595,ok,0,0,0
2025-09-11 17:59:00,SEN-004,A,100.732,61.176,1.191,764,ok,0,0,0
2025-09-11 18:00:00,SEN-003,A,105.766,60.912,0.766,276,ok,0,0,0
2025-09-11 18:01:00,SEN-003,A,106.054,59.725,0.963,712,ok,0,0,0
2025-09-11 18:02:00,SEN-002,A,105.905,58.408,1.184,603,ok,0,0,0
2025-09-11 18:03:00,SEN-004,A,101.466,66.642,0.925,279,ok,0,0,1
2025-09-11 18:04:00,SEN-004,A,97.489,58.644,0.897,716,ok,0,0,0
2025-09-11 18:05:00,SEN-002,A,96.417,58.002,1.209,608,ok,0,0,0
2025-09-11 18:06:00,SEN-002,A,102.846,61.302,0.945,613,ok,0,0,0
2025-09-11 18:07:00,SEN-004,A,103.004,60.756,1.199,600,ok,0,0,0
2025-09-11 18:08:00,SEN-003,A,107.092,55.786,1.077,615,ok,0,0,0
2025-09-11 18:09:00,SEN-002,A,106.25,63.368,0.938,282,ok,0,0,0
2025-09-11 18:10:00,SEN-002,A,100.707,59.717,1.086,622,ok,0,0,1
2025-09-11 18:11:00,SEN-001,A,95.704,56.667,1.058,771,ok,0,0,0
2025-09-11 18:12:00,SEN-001,A,99.869,63.566,1.184,775,ok,0,0,0
2025-09-11 18:13:00,SEN-002,A,102.284,61.877,0.901,628,ok,0,0,0
2025-09-11 18:14:00,SEN-003,A,100.399,56.206,1.007,721,ok,0,0,0
2025-09-11 18:15:00,SEN-001,A,98.709,65.332,0.989,781,ok,0,0,0
2025-09-11 18:16:00,SEN-004,A,102.449,72.649,1.127,634,ok,0,0,0
2025-09-11 18:17:00,SEN-002,A,99.045,59.969,0.815,789,ok,0,0,0
2025-09-11 18:18:00,SEN-003,A,98.488,64.771,1.183,726,ok,0,0,0
2025-09-11 18:19:00,SEN-003,A,102.718,60.478,1.084,606,ok,0,0,1
2025-09-11 18:20:00,SEN-002,A,99.509,59.916,0.763,794,ok,0,0,0
2025-09-11 18:21:00,SEN-003,A,102.418,58.019,1.217,639,ok,0,0,0
2025-09-11 18:22:00,SEN-004,A,102.551,61.746,1.402,643,ok,0,0,1
2025-09-11 18:23:00,SEN-004,A,96.195,61.43,1.18,802,ok,0,0,0
2025-09-11 18:24:00,SEN-001,A,99.159,60.044,1.257,807,ok,0,0,0
2025-09-11 18:25:00,SEN-003,A,107.796,57.63,1.015,732,ok,0,0,0
2025-09-11 18:26:00,SEN-004,A,96.098,60.39,0.701,815,ok,0,0,0
2025-09-11 18:27:00,SEN-003,A,91.804,59.791,0.668,738,ok,0,0,0
2025-09-11 18:28:00,SEN-001,A,92.953,56.0,1.046,649,ok,0,0,0
2025-09-11 18:29:00,SEN-001,A,101.463,55.585,0.893,743,ok,0,0,0
2025-09-11 18:30:00,SEN-002,A,101.473,61.695,0.835,611,ok,0,0,0
2025-09-11 18:31:00,SEN-004,A,100.806,52.194,0.989,819,ok,0,0,0
2025-09-11 18:32:00,SEN-002,A,106.801,60.616,1.111,753,ok,0,0,0
2025-09-11 18:33:00,SEN-002,A,89.311,58.566,0.739,821,ok,0,0,0
2025-09-11 18:34:00,SEN-001,A,103.122,63.925,0.919,286,ok,0,0,0
2025-09-11 18:35:00,SEN-002,A,108.369,58.52,1.272,292,ok,0,0,0
2025-09-11 18:36:00,SEN-002,A,96.269,61.978,0.806,759,ok,0,0,0
2025-09-11 18:37:00,SEN-002,A,99.636,58.809,1.157,615,ok,0,0,0
2025-09-11 18:38:00,SEN-004,A,97.959,60.341,0.913,760,ok,0,0,0
2025-09-11 18:39:00,SEN-001,A,97.324,62.211,1.098,762,ok,0,0,0
2025-09-11 18:40:00,SEN-003,A,99.882,58.612,1.198,620,ok,0,0,0
2025-09-11 18:41:00,SEN-004,A,107.776,62.99,1.133,621,ok,0,0,0
2025-09-11 18:42:00,SEN-002,A,109.622,57.019,1.164,827,ok,0,0,0
2025-09-11 18:43:00,SEN-001,A,99.843,60.884,0.793,299,ok,0,0,0
2025-09-11 18:44:00,SEN-003,A,109.929,62.768,1.2,627,ok,0,0,0
2025-09-11 18:45:00,SEN-004,A,101.518,61.98,0.847,834,ok,0,0,0
2025-09-11 18:46:00,SEN-003,A,109.252,65.749,1.047,300,ok,0,0,0
2025-09-11 18:47:00,SEN-002,A,100.942,57.71,1.046,301,ok,0,0,0
2025-09-11 18:48:00,SEN-003,A,101.953,55.863,1.087,838,ok,0,0,0
2025-09-11 18:49:00,SEN-001,A,103.009,57.017,1.061,841,ok,0,0,0
2025-09-11 18:50:00,SEN-002,A,115.671,61.981,0.848,843,ok,0,0,0
2025-09-11 18:51:00,SEN-001,A,105.199,61.494,0.757,766,ok,0,0,0
2025-09-11 18:52:00,SEN-004,A,98.187,60.307,1.157,635,ok,0,0,0
2025-09-11 18:53:00,SEN-003,A,105.732,56.631,1.033,851,ok,0,0,0
2025-09-11 18:54:00,SEN-004,A,99.745,62.301,1.207,854,ok,0,0,1
2025-09-11 18:55:00,SEN-001,A,99.171,56.326,0.992,654,ok,0,0,0
2025-09-11 18:56:00,SEN-001,A,105.465,63.477,0.747,640,ok,0,0,0
2025-09-11 18:57:00,SEN-003,A,101.518,68.572,1.174,770,ok,0,0,0
2025-09-11 18:58:00,SEN-004,A,102.633,61.099,1.335,308,ok,0,0,0
2025-09-11 18:59:00,SEN-002,A,101.444,61.749,1.062,4,ok,0,0,0
2025-09-11 19:00:00,SEN-002,A,102.897,58.521,1.379,643,ok,0,0,0
2025-09-11 19:01:00,SEN-003,A,103.296,54.569,1.296,7,ok,0,0,0
2025-09-11 19:02:00,SEN-004,A,92.669,58.192,0.842,774,ok,0,0,0
2025-09-11 19:03:00,SEN-004,A,104.387,56.721,1.357,644,ok,0,0,0
2025-09-11 19:04:00,SEN-003,A,96.97,55.659,1.019,312,ok,0,0,0
2025-09-11 19:05:00,SEN-004,A,94.9,65.167,0.803,12,ok,0,0,0
2025-09-11 19:06:00,SEN-001,A,101.129,60.819,1.059,655,ok,0,0,0
2025-09-11 19:07:00,SEN-002,A,101.772,61.139,1.29,649,ok,0,0,0
2025-09-11 19:08:00,SEN-004,A,98.275,59.073,0.912,315,ok,0,0,0
2025-09-11 19:09:00,SEN-003,A,105.137,59.481,1.071,660,ok,0,0,0
2025-09-11 19:10:00,SEN-004,A,95.359,62.894,0.505,779,ok,0,0,0
2025-09-11 19:11:00,SEN-004,A,99.569,59.903,0.993,784,ok,0,0,0
2025-09-11 19:12:00,SEN-004,A,98.77,61.592,0.944,666,ok,0,0,0
2025-09-11 19:13:00,SEN-003,A,101.194,59.412,0.853,13,ok,0,0,0
2025-09-11 19:14:00,SEN-004,A,102.66,58.974,1.195,668,ok,0,0,0
2025-09-11 19:15:00,SEN-003,A,96.871,55.779,0.941,319,ok,0,0,0
2025-09-11 19:16:00,SEN-001,A,104.668,54.067,0.968,320,ok,0,0,0
2025-09-11 19:17:00,SEN-004,A,101.693,59.215,0.932,655,ok,0,0,0
2025-09-11 19:18:00,SEN-002,A,92.898,60.169,0.655,787,ok,0,0,0
2025-09-11 19:19:00,SEN-003,A,92.6,56.142,0.796,675,ok,0,0,0
2025-09-11 19:20:00,SEN-002,A,101.359,59.897,1.173,794,ok,0,0,0
2025-09-11 19:21:00,SEN-002,A,100.422,60.161,0.62,17,ok,0,0,0
2025-09-11 19:22:00,SEN-002,A,100.953,53.532,0.862,324,ok,0,0,0
2025-09-11 19:23:00,SEN-002,A,101.294,57.255,0.928,796,ok,0,0,0
2025-09-11 19:24:00,SEN-003,A,102.436,61.222,1.314,660,ok,0,0,0
2025-09-11 19:25:00,SEN-003,A,105.687,61.161,1.138,802,ok,0,0,0
2025-09-11 19:26:00,SEN-001,A,96.425,56.539,0.9,807,ok,0,0,0
2025-09-11 19:27:00,SEN-004,A,96.152,60.475,1.235,24,ok,0,0,0
2025-09-11 19:28:00,SEN-001,A,96.508,63.067,0.867,328,ok,0,0,0
2025-09-11 19:29:00,SEN-003,A,102.729,62.331,1.182,28,ok,0,0,0
2025-09-11 19:30:00,SEN-001,A,107.033,59.714,0.755,331,ok,0,0,0
2025-09-11 19:31:00,SEN-003,A,99.492,58.596,1.193,669,ok,0,0,0
2025-09-11 19:32:00,SEN-003,A,90.177,58.112,0.927,677,ok,0,0,0
2025-09-11 19:33:00,SEN-001,A,93.768,61.403,0.815,683,ok,0,0,0
2025-09-11 19:34:00,SEN-003,A,97.689,60.585,0.961,337,ok,0,0,0
2025-09-11 19:35:00,SEN-002,A,98.929,61.888,1.05,343,ok,0,0,1
2025-09-11 19:36:00,SEN-002,A,99.603,60.396,0.911,810,ok,0,0,0
2025-09-11 19:37:00,SEN-001,A,101.616,62.456,1.1,812,ok,0,0,0
2025-09-11 19:38:00,SEN-004,A,100.041,60.284,0.895,816,ok,0,0,0
2025-09-11 19:39:00,SEN-003,A,106.168,62.354,1.112,822,ok,0,0,1
2025-09-11 19:40:00,SEN-001,A,98.405,62.612,1.08,686,ok,0,0,0
2025-09-11 19:41:00,SEN-002,A,97.568,67.968,0.989,690,ok,0,0,0
2025-09-11 19:42:00,SEN-001,A,103.605,54.576,0.921,31,ok,0,0,0
2025-09-11 19:43:00,SEN-003,A,94.542,64.63,1.027,348,ok,0,0,0
2025-09-11 19:44:00,SEN-004,A,103.207,60.77,1.099,353,ok,0,0,0
2025-09-11 19:45:00,SEN-004,A,101.917,54.857,1.371,361,ok,0,0,0
2025-09-11 19:46:00,SEN-003,A,100.793,57.859,1.169,367,ok,0,0,0
2025-09-11 19:47:00,SEN-003,A,108.606,62.316,1.176,824,ok,0,0,0
2025-09-11 19:48:00,SEN-004,A,98.66,59.161,1.556,369,ok,0,0,0
2025-09-11 19:49:00,SEN-004,A,110.733,58.464,1.093,675,ok,0,0,0
2025-09-11 19:50:00,SEN-003,A,100.449,64.203,1.087,374,ok,0,0,0
2025-09-11 19:51:00,SEN-002,A,95.718,56.858,1.127,699,ok,0,0,0
2025-09-11 19:52:00,SEN-003,A,101.781,57.606,0.818,684,ok,0,0,0
2025-09-11 19:53:00,SEN-002,A,96.625,60.634,0.92,34,ok,0,0,0
2025-09-11 19:54:00,SEN-001,A,98.087,61.171,0.909,704,ok,0,0,0
2025-09-11 19:55:00,SEN-003,A,103.258,61.489,1.117,36,ok,0,0,0
2025-09-11 19:56:00,SEN-003,A,103.973,62.734,0.969,830,ok,0,0,0
2025-09-11 19:57:00,SEN-004,A,98.675,60.596,1.025,712,ok,0,0,0
2025-09-11 19:58:00,SEN-003,A,105.92,61.468,1.196,689,ok,0,0,0
2025-09-11 19:59:00,SEN-003,A,106.687,59.222,1.731,693,ok,0,0,0
2025-09-11 20:00:00,SEN-004,A,107.943,60.188,0.971,698,ok,0,0,0
2025-09-11 20:01:00,SEN-001,A,103.863,60.323,0.879,42,ok,0,0,0
2025-09-11 20:02:00,SEN-004,A,107.618,60.645,1.204,48,ok,0,0,0
2025-09-11 20:03:00,SEN-002,A,93.021,62.318,1.139,52,ok,0,0,0
2025-09-11 20:04:00,SEN-004,A,100.055,61.665,0.711,377,ok,0,0,0
2025-09-11 20:05:00,SEN-002,A,97.586,60.133,0.944,382,ok,0,0,0
2025-09-11 20:06:00,SEN-004,A,102.026,57.573,1.03,56,ok,0,0,0
2025-09-11 20:07:00,SEN-003,A,98.919,60.203,1.14,719,ok,0,0,0
2025-09-11 20:08:00,SEN-001,A,100.745,59.916,1.164,834,ok,0,0,0
2025-09-11 20:09:00,SEN-004,A,109.964,60.58,1.051,61,ok,0,0,0
2025-09-11 20:10:00,SEN-001,A,100.732,66.62,1.105,724,ok,0,0,0
2025-09-11 20:11:00,SEN-001,A,103.359,58.429,1.012,63,ok,0,0,0
2025-09-11 20:12:00,SEN-001,A,100.454,61.267,0.879,386,ok,0,0,0
2025-09-11 20:13:00,SEN-003,A,101.841,63.205,0.953,394,ok,0,0,0
2025-09-11 20:14:00,SEN-004,A,101.529,60.294,1.003,400,ok,0,0,0
2025-09-11 20:15:00,SEN-002,A,103.521,67.014,0.994,728,ok,0,0,0
2025-09-11 20:16:00,SEN-001,A,106.749,58.866,0.661,734,ok,0,0,0
2025-09-11 20:17:00,SEN-004,A,108.92,60.972,0.928,705,ok,0,0,0
2025-09-11 20:18:00,SEN-004,A,102.902,57.604,1.01,404,ok,0,0,0
2025-09-11 20:19:00,SEN-003,A,104.163,58.945,0.949,740,ok,0,0,0
2025-09-11 20:20:00,SEN-002,A,96.333,60.747,0.956,840,ok,0,0,0
2025-09-11 20:21:00,SEN-003,A,101.118,62.539,1.088,742,ok,0,0,0
2025-09-11 20:22:00,SEN-003,A,105.746,68.777,1.598,408,ok,0,0,1
2025-09-11 20:23:00,SEN-004,A,105.413,63.777,1.399,713,ok,0,0,0
2025-09-11 20:24:00,SEN-001,A,102.47,59.715,0.937,416,ok,0,0,0
2025-09-11 20:25:00,SEN-001,A,105.509,59.003,1.138,748,ok,0,0,0
2025-09-11 20:26:00,SEN-003,A,103.73,68.112,1.304,751,ok,0,0,1
2025-09-11 20:27:00,SEN-003,A,106.924,61.183,1.141,841,ok,0,0,0
2025-09-11 20:28:00,SEN-001,A,102.827,57.842,0.736,844,ok,0,0,0
2025-09-11 20:29:00,SEN-004,A,99.926,57.917,0.958,418,ok,0,0,0
2025-09-11 20:30:00,SEN-001,A,103.039,57.172,1.046,721,ok,0,0,0
2025-09-11 20:31:00,SEN-004,A,88.342,62.81,1.032,419,ok,0,0,0
2025-09-11 20:32:00,SEN-004,A,103.254,58.907,1.097,421,ok,0,0,1
2025-09-11 20:33:00,SEN-001,A,85.115,60.382,0.835,756,ok,0,0,0
2025-09-11 20:34:00,SEN-003,A,93.779,59.809,1.012,426,ok,0,0,0
2025-09-11 20:35:00,SEN-002,A,103.569,62.194,1.076,852,ok,0,0,1
2025-09-11 20:36:00,SEN-003,A,103.686,57.46,1.149,69,ok,0,0,0
2025-09-11 20:37:00,SEN-004,A,96.308,56.773,0.855,856,ok,0,0,0
2025-09-11 20:38:00,SEN-003,A,98.336,60.673,0.938,433,ok,0,0,0
2025-09-11 20:39:00,SEN-004,A,107.71,61.803,0.513,760,ok,0,0,0
2025-09-11 20:40:00,SEN-001,A,99.366,60.998,0.888,441,ok,0,0,0
2025-09-11 20:41:00,SEN-003,A,111.639,57.572,1.59,444,ok,0,0,0
2025-09-11 20:42:00,SEN-004,A,101.539,62.032,0.816,70,ok,0,0,0
2025-09-11 20:43:00,SEN-004,A,103.385,57.768,1.03,765,ok,0,0,0
2025-09-11 20:44:00,SEN-003,A,108.826,58.435,0.99,857,ok,0,0,0
2025-09-11 20:45:00,SEN-004,A,102.142,57.168,0.593,772,ok,0,0,0
2025-09-11 20:46:00,SEN-003,A,97.043,63.903,1.039,75,ok,0,0,0
2025-09-11 20:47:00,SEN-003,A,101.062,61.9,0.833,729,ok,0,0,0
2025-09-11 20:48:00,SEN-002,A,101.397,61.815,1.087,776,ok,0,0,0
2025-09-11 20:49:00,SEN-001,A,95.417,63.742,0.769,77,ok,0,0,0
2025-09-11 20:50:00,SEN-004,A,100.409,68.438,1.005,450,ok,0,0,0
2025-09-11 20:51:00,SEN-002,A,98.222,54.872,0.949,454,ok,0,0,0
2025-09-11 20:52:00,SEN-004,A,105.723,57.785,1.055,782,ok,0,0,0
2025-09-11 20:53:00,SEN-003,A,101.721,58.151,1.022,785,ok,0,0,0
2025-09-11 20:54:00,SEN-003,A,100.294,57.448,0.954,792,ok,0,0,0
2025-09-11 20:55:00,SEN-002,A,101.09,56.767,0.723,734,ok,0,0,0
2025-09-11 20:56:00,SEN-001,A,102.574,59.101,0.734,458,ok,0,0,0
2025-09-11 20:57:00,SEN-003,A,104.347,56.35,0.895,864,ok,0,0,0
2025-09-11 20:58:00,SEN-001,A,97.074,61.005,0.999,799,ok,0,0,0
2025-09-11 20:59:00,SEN-002,A,96.888,60.155,0.891,80,ok,0,0,0
2025-09-11 21:00:00,SEN-003,A,106.547,61.443,1.113,805,ok,0,0,0
2025-09-11 21:01:00,SEN-001,A,99.722,61.523,0.95,740,ok,0,0,0
2025-09-11 21:02:00,SEN-001,A,95.204,61.809,0.826,84,ok,0,0,0
2025-09-11 21:03:00,UNKNOWN-512,A,103.578,58.88,0.95,870,ok,0,0,0
2025-09-11 21:04:00,SEN-004,A,103.668,66.363,1.041,877,ok,0,0,0
2025-09-11 21:05:00,SEN-002,A,94.696,60.703,1.058,89,ok,0,0,0
2025-09-11 21:06:00,SEN-004,A,102.619,54.413,1.338,94,ok,0,0,0
2025-09-11 21:07:00,SEN-001,A,104.898,56.993,0.88,809,ok,0,0,0
2025-09-11 21:08:00,SEN-001,A,103.274,54.778,0.987,812,ok,0,0,0
2025-09-11 21:09:00,SEN-002,A,104.435,60.052,1.077,99,ok,0,0,0
2025-09-11 21:10:00,SEN-004,A,95.273,59.635,0.996,816,ok,0,0,0
2025-09-11 21:11:00,SEN-004,A,103.084,58.595,0.91,820,ok,0,0,0
2025-09-11 21:12:00,SEN-002,A,100.234,66.033,0.721,824,ok,0,0,0
2025-09-11 21:13:00,SEN-003,A,99.425,61.647,0.908,742,ok,0,0,0
2025-09-11 21:14:00,SEN-004,A,105.516,62.178,0.807,465,ok,0,0,0
2025-09-11 21:15:00,SEN-004,A,108.257,57.207,0.689,828,ok,0,0,0
2025-09-11 21:16:00,SEN-001,A,109.677,57.003,0.857,836,ok,0,0,0
2025-09-11 21:17:00,SEN-002,A,107.52,60.11,0.812,880,ok,0,0,0
2025-09-11 21:18:00,SEN-002,A,101.112,60.519,1.105,107,ok,0,0,0
2025-09-11 21:19:00,SEN-004,A,103.194,54.431,1.108,111,ok,0,0,0
2025-09-11 21:20:00,SEN-004,A,105.059,59.459,0.837,749,ok,0,0,0
2025-09-11 21:21:00,SEN-002,A,102.156,60.042,0.953,116,ok,0,0,0
2025-09-11 21:22:00,SEN-004,A,102.2,59.355,0.666,118,ok,0,0,0
2025-09-11 21:23:00,SEN-001,A,105.32,57.56,0.911,120,ok,0,0,0
2025-09-11 21:24:00,SEN-004,A,101.348,58.381,1.072,883,ok,0,0,0
2025-09-11 21:25:00,SEN-001,A,98.335,59.469,1.148,469,ok,0,0,0
2025-09-11 21:26:00,SEN-003,A,99.753,60.272,0.872,474,ok,0,0,0
2025-09-11 21:27:00,SEN-004,A,104.473,61.814,1.189,841,ok,0,0,0
2025-09-11 21:28:00,SEN-001,A,101.635,63.243,0.727,478,ok,0,0,0
2025-09-11 21:29:00,SEN-003,A,103.154,59.117,0.775,483,ok,0,0,0
2025-09-11 21:30:00,SEN-001,A,104.64,58.632,1.128,755,ok,0,0,0
2025-09-11 21:31:00,SEN-001,A,99.94,61.313,1.301,487,ok,0,0,0
2025-09-11 21:32:00,SEN-002,A,105.031,61.833,1.089,126,ok,0,0,0
2025-09-11 21:33:00,SEN-001,A,103.334,58.697,0.993,493,ok,0,0,0
2025-09-11 21:34:00,SEN-002,A,96.075,62.371,0.605,847,ok,0,0,0
2025-09-11 21:35:00,SEN-001,A,108.123,62.939,0.636,499,ok,0,0,0
2025-09-11 21:36:00,SEN-004,A,99.381,63.875,1.023,760,ok,0,0,0
2025-09-11 21:37:00,SEN-002,A,94.188,65.335,0.936,890,ok,0,0,0
2025-09-11 21:38:00,SEN-002,A,96.935,57.401,0.801,852,ok,0,0,0
2025-09-11 21:39:00,SEN-003,A,97.045,60.042,1.012,502,ok,0,0,0
2025-09-11 21:40:00,SEN-001,A,101.876,60.034,1.021,765,ok,0,0,0
2025-09-11 21:41:00,SEN-001,A,100.41,59.706,1.17,892,ok,0,0,0
2025-09-11 21:42:00,SEN-003,A,100.128,58.052,1.617,128,ok,0,0,0
2025-09-11 21:43:00,SEN-004,A,104.434,55.543,1.221,858,ok,0,0,0
2025-09-11 21:44:00,SEN-003,A,103.177,60.278,1.001,773,ok,0,0,0
2025-09-11 21:45:00,SEN-004,A,103.071,57.695,0.979,777,ok,0,0,0
2025-09-11 21:46:00,SEN-002,A,103.495,60.258,1.192,898,ok,0,0,0
2025-09-11 21:47:00,SEN-004,A,104.425,57.618,0.824,129,ok,0,0,0
2025-09-11 21:48:00,SEN-003,A,92.168,56.701,1.507,778,ok,0,0,0
2025-09-11 21:49:00,SEN-004,A,100.015,60.703,1.068,136,ok,0,0,0
2025-09-11 21:50:00,SEN-002,A,91.846,60.453,1.069,784,ok,0,0,0
2025-09-11 21:51:00,SEN-003,A,101.821,61.738,1.095,507,ok,0,0,0
2025-09-11 21:52:00,SEN-002,A,101.639,66.558,1.338,144,ok,0,0,0
2025-09-11 21:53:00,SEN-004,A,106.367,60.832,1.143,788,ok,0,0,0
2025-09-11 21:54:00,SEN-002,A,107.008,61.455,0.711,901,ok,0,0,0
2025-09-11 21:55:00,SEN-002,A,102.578,56.767,1.84,860,ok,0,0,1
2025-09-11 21:56:00,SEN-004,A,99.415,56.139,0.939,149,ok,0,0,0
2025-09-11 21:57:00,SEN-002,A,103.852,64.748,1.019,906,ok,0,0,0
2025-09-11 21:58:00,SEN-001,A,99.294,57.23,0.77,153,ok,0,0,0
2025-09-11 21:59:00,SEN-003,A,101.665,56.868,1.095,514,ok,0,0,0
2025-09-11 22:00:00,SEN-002,A,106.111,59.883,0.883,867,ok,0,0,0
2025-09-11 22:01:00,SEN-002,A,99.165,59.729,1.018,910,ok,0,0,0
2025-09-11 22:02:00,SEN-002,A,105.302,57.292,0.949,789,ok,0,0,0
2025-09-11 22:03:00,SEN-001,A,104.726,59.085,1.347,794,ok,0,0,0
2025-09-11 22:04:00,SEN-002,A,97.383,63.688,1.357,917,ok,0,0,0
2025-09-11 22:05:00,SEN-002,A,106.064,57.582,1.008,871,ok,0,0,0
2025-09-11 22:06:00,SEN-003,A,104.826,55.819,1.012,800,ok,0,0,0
2025-09-11 22:07:00,SEN-002,A,102.143,62.828,0.933,156,ok,0,0,0
2025-09-11 22:08:00,SEN-001,A,98.256,61.477,1.199,519,ok,0,0,1
2025-09-11 22:09:00,SEN-002,A,97.821,58.138,0.941,923,ok,0,0,0
2025-09-11 22:10:00,SEN-002,A,99.27,55.253,0.924,524,ok,0,0,0
2025-09-11 22:11:00,SEN-001,A,104.133,57.766,1.176,880,ok,0,0,0
2025-09-11 22:12:00,SEN-003,A,97.392,59.836,0.903,888,ok,0,0,0
2025-09-11 22:13:00,SEN-004,A,103.663,63.497,0.993,929,ok,0,0,0
2025-09-11 22:14:00,SEN-002,A,96.108,56.89,1.327,163,ok,0,0,0
2025-09-11 22:15:00,SEN-003,A,100.779,59.746,1.127,895,ok,0,0,0
2025-09-11 22:16:00,SEN-003,A,102.192,62.025,1.349,934,ok,0,0,0
2025-09-11 22:17:00,SEN-004,A,112.704,52.856,1.13,805,ok,0,0,0
2025-09-11 22:18:00,SEN-002,A,95.504,63.101,1.263,528,ok,0,0,0
2025-09-11 22:19:00,SEN-001,A,108.328,56.453,0.848,897,ok,0,0,0
2025-09-11 22:20:00,SEN-003,A,102.38,60.996,1.043,905,ok,0,0,0
2025-09-11 22:21:00,SEN-003,A,103.557,60.74,0.83,537,ok,0,0,0
2025-09-11 22:22:00,SEN-002,A,102.241,63.254,0.959,168,ok,0,0,0
2025-09-11 22:23:00,SEN-003,A,103.712,61.653,1.672,939,ok,0,0,0
2025-09-11 22:24:00,SEN-002,A,101.02,52.868,1.018,945,ok,0,0,0
2025-09-11 22:25:00,SEN-004,A,108.257,57.646,0.746,172,degraded,1,0,0
2025-09-11 22:26:00,SEN-001,A,99.661,60.415,0.763,908,ok,0,0,1
2025-09-11 22:27:00,SEN-002,A,106.812,59.415,0.751,807,ok,0,0,0
2025-09-11 22:28:00,SEN-001,A,98.819,61.433,1.088,917,ok,0,0,0
2025-09-11 22:29:00,SEN-004,A,101.449,62.368,1.372,538,ok,0,0,0
2025-09-11 22:30:00,SEN-001,A,96.898,61.825,1.245,812,ok,0,0,0
2025-09-11 22:31:00,SEN-002,A,103.771,59.357,0.659,174,ok,0,0,0
2025-09-11 22:32:00,SEN-003,A,108.228,54.461,1.256,178,ok,0,0,0
2025-09-11 22:33:00,SEN-001,A,101.378,58.634,1.169,949,ok,0,0,0
2025-09-11 22:34:00,SEN-001,A,100.842,61.249,0.722,814,ok,0,0,0
2025-09-11 22:35:00,SEN-001,A,96.714,56.729,0.945,923,ok,0,0,0
2025-09-11 22:36:00,SEN-002,A,100.7,61.894,1.197,817,ok,0,0,0
2025-09-11 22:37:00,SEN-003,A,94.565,62.725,1.099,925,ok,0,0,0
2025-09-11 22:38:00,SEN-002,A,97.627,60.381,0.764,931,ok,0,0,0
2025-09-11 22:39:00,SEN-002,A,102.757,50.809,1.11,182,ok,0,0,0
2025-09-11 22:40:00,SEN-001,A,107.673,56.166,0.615,952,ok,0,0,0
2025-09-11 22:41:00,SEN-001,A,114.381,65.659,0.96,937,ok,0,0,1
2025-09-11 22:42:00,SEN-001,A,99.101,58.36,1.205,819,ok,0,0,0
2025-09-11 22:43:00,SEN-002,A,108.202,54.048,1.003,183,ok,0,0,0
2025-09-11 22:44:00,SEN-004,A,102.841,63.706,0.91,944,ok,0,0,0
2025-09-11 22:45:00,SEN-001,A,101.065,60.04,1.16,546,ok,0,0,0
2025-09-11 22:46:00,SEN-002,A,103.694,63.315,1.175,187,ok,0,0,0
2025-09-11 22:47:00,SEN-001,A,102.028,60.831,1.236,945,ok,0,0,0
2025-09-11 22:48:00,SEN-003,A,102.248,61.376,1.157,956,ok,0,0,0
2025-09-11 22:49:00,SEN-001,A,99.915,61.089,1.195,193,ok,0,0,0
2025-09-11 22:50:00,SEN-003,A,95.462,62.092,1.132,826,ok,0,0,0
2025-09-11 22:51:00,SEN-001,A,94.809,66.832,1.048,196,ok,0,0,0
2025-09-11 22:52:00,SEN-002,A,104.697,62.913,1.016,949,ok,0,0,0
2025-09-11 22:53:00,SEN-004,A,100.514,55.259,0.957,201,ok,0,0,0
2025-09-11 22:54:00,SEN-001,A,99.078,61.34,0.782,962,degraded,1,0,0
2025-09-11 22:55:00,SEN-004,A,101.8,63.424,0.828,552,ok,0,0,0
2025-09-11 22:56:00,SEN-002,A,105.341,63.608,0.949,558,ok,0,0,1
2025-09-11 22:57:00,SEN-004,A,102.577,58.72,1.043,956,ok,0,0,0
2025-09-11 22:58:00,SEN-001,A,98.815,63.495,1.259,961,ok,0,0,0
2025-09-11 22:59:00,SEN-002,A,107.287,62.783,0.992,209,degraded,1,1,0
2025-09-11 23:00:00,SEN-004,A,108.876,67.718,1.181,213,ok,0,0,0
2025-09-11 23:01:00,SEN-002,A,103.997,57.75,1.194,219,ok,0,0,0
2025-09-11 23:02:00,SEN-004,A,106.155,58.478,0.958,966,ok,0,0,0
2025-09-11 23:03:00,SEN-002,A,107.364,59.082,1.107,562,ok,0,0,0
2025-09-11 23:04:00,SEN-002,A,106.862,58.529,0.956,224,ok,0,0,0
2025-09-11 23:05:00,SEN-001,A,104.542,57.33,1.238,830,ok,0,0,0
2025-09-11 23:06:00,SEN-001,A,104.472,51.712,1.114,569,ok,0,0,0
2025-09-11 23:07:00,SEN-002,A,104.12,58.696,0.786,970,ok,0,0,0
2025-09-11 23:08:00,SEN-004,A,96.845,61.108,1.029,835,ok,0,0,0
2025-09-11 23:09:00,SEN-001,A,104.938,58.52,1.297,967,ok,0,0,0
2025-09-11 23:10:00,SEN-002,A,95.685,65.806,0.967,977,ok,0,0,0
2025-09-11 23:11:00,SEN-004,A,98.212,60.04,1.081,976,ok,0,0,0
2025-09-11 23:12:00,SEN-004,A,107.656,63.873,1.098,574,ok,0,0,0
2025-09-11 23:13:00,SEN-001,A,105.572,60.784,0.813,978,ok,0,0,0
2025-09-11 23:14:00,SEN-002,A,108.486,62.479,1.092,980,ok,0,0,0
2025-09-11 23:15:00,SEN-001,A,100.572,60.838,0.749,577,ok,0,0,0
2025-09-11 23:16:00,SEN-001,A,96.611,64.106,0.887,581,ok,0,0,0
2025-09-11 23:17:00,SEN-004,A,100.716,60.168,1.194,982,ok,0,0,0
2025-09-11 23:18:00,SEN-001,A,102.258,61.488,1.064,587,ok,0,0,0
2025-09-11 23:19:00,SEN-001,A,102.156,61.099,0.945,228,ok,0,0,0
2025-09-11 23:20:00,SEN-002,A,106.904,59.135,1.08,985,ok,0,0,0
2025-09-11 23:21:00,SEN-001,A,100.178,61.215,0.989,235,ok,0,0,0
2025-09-11 23:22:00,SEN-004,A,103.39,66.703,1.002,982,ok,0,0,0
2025-09-11 23:23:00,SEN-001,A,97.358,59.189,1.118,987,ok,0,0,0
2025-09-11 23:24:00,SEN-002,A,103.835,61.258,0.869,591,ok,0,0,0
2025-09-11 23:25:00,SEN-002,A,101.825,63.773,1.007,240,ok,0,0,0
2025-09-11 23:26:00,SEN-001,A,98.438,63.421,0.944,598,ok,0,0,1
2025-09-11 23:27:00,SEN-004,A,100.753,66.183,0.715,995,ok,0,0,0
2025-09-11 23:28:00,SEN-002,A,100.987,52.85,0.834,840,ok,0,0,0
2025-09-11 23:29:00,SEN-003,A,100.601,61.55,1.282,990,ok,0,0,0
2025-09-11 23:30:00,SEN-003,A,109.79,53.342,1.069,998,ok,0,0,0
2025-09-11 23:31:00,SEN-002,A,101.377,64.41,0.762,1001,ok,0,0,0
2025-09-11 23:32:00,SEN-001,A,100.724,60.508,0.723,603,ok,0,0,0
2025-09-11 23:33:00,SEN-001,A,92.385,62.999,0.98,841,ok,0,0,0
2025-09-11 23:34:00,SEN-002,A,97.801,57.294,1.281,992,ok,0,0,0
2025-09-11 23:35:00,SEN-003,A,100.643,55.342,1.532,608,ok,0,0,0
2025-09-11 23:36:00,SEN-002,A,98.742,60.782,1.235,999,ok,0,0,0
2025-09-11 23:37:00,SEN-002,A,108.048,59.899,1.063,1006,ok,0,0,1
2025-09-11 23:38:00,SEN-001,A,101.089,58.525,1.085,1011,ok,0,0,0
2025-09-11 23:39:00,SEN-004,A,107.631,60.254,0.76,847,ok,0,0,0
2025-09-11 23:40:00,SEN-003,A,102.112,68.302,1.169,1018,ok,0,0,0
2025-09-11 23:41:00,SEN-002,A,102.004,62.504,0.94,612,ok,0,0,0
2025-09-11 23:42:00,SEN-004,A,101.438,63.148,1.155,1008,ok,0,0,0
2025-09-11 23:43:00,SEN-001,A,101.857,62.532,0.853,1020,ok,0,0,0
2025-09-11 23:44:00,SEN-003,A,109.576,64.438,1.032,1010,ok,0,0,0
2025-09-11 23:45:00,SEN-001,A,91.405,59.43,1.063,1014,ok,0,0,0
2025-09-11 23:46:00,SEN-003,A,92.837,53.836,0.972,1015,ok,0,0,0
2025-09-11 23:47:00,SEN-001,A,99.402,59.434,1.073,1026,ok,0,0,0
2025-09-11 23:48:00,SEN-003,A,101.913,62.435,0.952,616,ok,0,0,0
2025-09-11 23:49:00,SEN-001,A,104.955,57.091,1.326,244,ok,0,0,0
2025-09-11 23:50:00,SEN-004,A,103.98,59.471,1.289,848,ok,0,0,0
2025-09-11 23:51:00,SEN-002,A,100.123,57.925,1.189,621,ok,0,0,0
2025-09-11 23:52:00,SEN-004,A,106.44,64.506,0.863,1030,ok,0,0,0
2025-09-11 23:53:00,SEN-003,A,106.492,62.248,1.102,624,ok,0,0,0
2025-09-11 23:54:00,SEN-002,A,102.686,61.955,0.866,630,ok,0,0,0
2025-09-11 23:55:00,SEN-003,A,106.191,61.865,0.787,248,ok,0,0,0
2025-09-11 23:56:00,SEN-003,A,103.087,59.888,1.186,1034,ok,0,0,0
2025-09-11 23:57:00,SEN-003,A,99.336,60.593,0.693,635,ok,0,0,0
2025-09-11 23:58:00,SEN-002,A,105.004,56.444,1.167,255,ok,0,0,0
2025-09-11 23:59:00,SEN-003,A,102.363,53.441,0.955,855,ok,0,0,0
2025-09-12 00:00:00,SEN-004,A,101.873,60.45,0.962,1019,ok,0,0,0
2025-09-12 00:01:00,SEN-004,A,108.497,60.972,1.074,258,ok,0,0,0
2025-09-12 00:02:00,SEN-004,A,90.841,63.628,1.105,642,ok,0,0,0
2025-09-12 00:03:00,SEN-004,A,95.492,64.714,0.851,646,ok,0,0,0
2025-09-12 00:04:00,SEN-002,A,96.532,64.71,1.129,264,ok,0,0,0
2025-09-12 00:05:00,SEN-002,A,100.24,57.006,1.02,265,ok,0,0,0
2025-09-12 00:06:00,SEN-004,A,100.731,58.943,0.774,1020,ok,0,0,0
2025-09-12 00:07:00,SEN-003,A,95.095,61.441,0.969,651,ok,0,0,0
2025-09-12 00:08:00,SEN-003,A,97.447,67.596,1.249,859,ok,0,0,0
2025-09-12 00:09:00,SEN-004,A,98.008,64.44,1.302,271,ok,0,0,0
2025-09-12 00:10:00,SEN-002,A,112.942,63.358,1.129,654,ok,0,0,0
2025-09-12 00:11:00,SEN-004,A,109.993,58.837,0.786,1039,ok,0,0,0
2025-09-12 00:12:00,SEN-003,A,100.034,57.35,1.088,1045,ok,0,0,0
2025-09-12 00:13:00,SEN-002,A,100.252,62.367,1.153,274,ok,0,0,0
2025-09-12 00:14:00,SEN-002,A,96.718,56.698,1.131,1049,ok,0,0,0
2025-09-12 00:15:00,SEN-003,A,93.305,59.285,1.141,1022,ok,0,0,0
2025-09-12 00:16:00,SEN-002,A,101.367,59.656,1.065,865,ok,0,0,0
2025-09-12 00:17:00,SEN-001,A,97.404,64.779,0.987,280,ok,0,0,0
2025-09-12 00:18:00,SEN-002,A,101.514,58.936,0.89,1028,ok,0,0,0
2025-09-12 00:19:00,SEN-001,A,94.697,52.682,0.658,658,ok,0,0,0
2025-09-12 00:20:00,SEN-004,A,98.47,61.513,1.061,1055,ok,0,0,0
2025-09-12 00:21:00,SEN-003,A,102.57,57.903,1.033,866,ok,0,0,0
2025-09-12 00:22:00,SEN-002,A,103.551,60.128,1.1,870,ok,0,0,0
2025-09-12 00:23:00,SEN-004,A,103.783,59.74,0.759,878,ok,0,0,0
2025-09-12 00:24:00,SEN-002,A,95.964,59.179,1.116,883,ok,0,0,0
2025-09-12 00:25:00,SEN-004,A,105.754,62.371,1.37,665,ok,0,0,0
2025-09-12 00:26:00,SEN-003,A,98.308,55.401,1.014,284,ok,0,0,0
2025-09-12 00:27:00,SEN-002,A,104.759,58.449,0.989,1035,ok,0,0,0
2025-09-12 00:28:00,SEN-004,A,101.864,70.145,1.056,668,ok,0,0,0
2025-09-12 00:29:00,SEN-001,A,95.72,58.158,1.366,1041,ok,0,0,0
2025-09-12 00:30:00,SEN-002,A,100.493,55.174,0.816,671,ok,0,0,0
2025-09-12 00:31:00,SEN-003,A,103.561,62.006,1.037,888,ok,0,0,0
2025-09-12 00:32:00,SEN-001,A,104.677,63.369,0.856,675,ok,0,0,0
2025-09-12 00:33:00,SEN-003,A,101.286,59.865,0.902,289,ok,0,0,0
2025-09-12 00:34:00,SEN-002,A,108.815,54.117,0.991,1045,ok,0,0,0
2025-09-12 00:35:00,SEN-001,A,106.457,62.118,1.243,1061,ok,0,0,1
2025-09-12 00:36:00,SEN-004,A,100.77,55.02,1.324,295,ok,0,0,0
2025-09-12 00:37:00,SEN-001,A,105.302,60.926,1.081,678,degraded,1,0,0
2025-09-12 00:38:00,SEN-004,A,110.63,57.338,1.429,681,ok,0,0,0
2025-09-12 00:39:00,SEN-003,A,110.752,56.52,1.449,891,ok,0,0,0
2025-09-12 00:40:00,SEN-004,A,96.406,58.674,0.923,298,ok,0,0,0
2025-09-12 00:41:00,SEN-003,A,97.764,59.45,0.897,1067,ok,0,0,0
2025-09-12 00:42:00,SEN-001,A,108.617,58.067,0.681,894,ok,0,0,0
2025-09-12 00:43:00,SEN-001,A,97.174,61.766,1.251,686,ok,0,0,0
